original	translation
14671	
47587	
47588	
47589	
47590	
47591	
47592	
47593	
47594	
47595	
47596	
47597	
47598	
47599	
47600	
47601	
47602	
47603	
47604	
47605	
47606	
47607	
47608	
47609	
47610	
47611	
47612	
47613	
47614	
47615	
47616	
47617	
47618	
47619	
47620	
47621	
47622	
47623	
47624	
47625	
14675	
14676	
14677	
14678	
47626	
47627	
47628	
14680	
47629	
47630	
14682	
14683	
14684	
47631	
47632	
14686	
14687	
47633	
47634	
14689	
14690	
14691	
47635	
47636	
14693	
14694	
14695	
14696	
14697	
47637	
47638	
14699	
14700	
58378	
14702	
47639	
47640	
14704	
47641	
47642	
14706	
14707	
14708	
14709	
47643	
47644	
47645	
14711	
47646	
47647	
47648	
47649	
47650	
14714	
47651	
47652	
14716	
47653	
47654	
47655	
14718	
14719	
14720	
14721	
14722	
47656	
47657	
14724	
14725	
14726	
47658	
47659	
47660	
14728	
14729	
14730	
47661	
47662	
14732	
14733	
47663	
47664	
47665	
47666	
47667	
47668	
47669	
14737	
58379	
47670	
47671	
47672	
47673	
47674	
14740	
14741	
47675	
47676	
14743	
14744	
14745	
14746	
47677	
47678	
47679	
14748	
14749	
47680	
47681	
14751	
14752	
14753	
14754	
14755	
14756	
14757	
14758	
14759	
14760	
47682	
47683	
14762	
14763	
14764	
14765	
14766	
14767	
14768	
14769	
14770	
14771	
14772	
14773	
14774	
14775	
14776	
14777	
14778	
14779	
14780	
14781	
57381	
14782	
14783	
14784	
47684	
47685	
14786	
14787	
14788	
14789	
57379	
14791	
47686	
47687	
47688	
47689	
14794	
14795	
14796	
14797	
14798	
47690	
47691	
14800	
47692	
47693	
47694	
14802	
14803	
14804	
14805	
14806	
14807	
14808	
47695	
47696	
14810	
14811	
14812	
14813	
14814	
47697	
47698	
47699	
47700	
14817	
14818	
14819	
14820	
14821	
14822	
14823	
14824	
47701	
47702	
14826	
14827	
58389	
47703	
47704	
14830	
14831	
47705	
47706	
47707	
47708	
14834	
47709	
47710	
47711	
14836	
14837	
14838	
14839	
14840	
47712	
47713	
47714	
47715	
14843	
14844	
14845	
14846	
14847	
14848	
14849	
14850	
14851	
14852	
14853	
14854	
47716	
47717	
14856	
14857	
14858	
14859	
14860	
14861	
47718	
47719	
14863	
14864	
14865	
14868	
14869	
14870	
47720	
47721	
14872	
14873	
14874	
47722	
47723	
47724	
47725	
47726	
47727	
14877	
14878	
14879	
14880	
14881	
14882	
47728	
47730	
47731	
14885	
14886	
14887	
14888	
14889	
14890	
47732	
47733	
14892	
14893	
47734	
47735	
14895	
14896	
14897	
14898	
47736	
47737	
14900	
62757	
14901	
14902	
47738	
47739	
14904	
14905	
14906	
14907	
14908	
47740	
47741	
47742	
47743	
47744	
14911	
47745	
47746	
47747	
47748	
47749	
47750	
47751	
47752	
14916	
14917	
62759	
62760	
62761	
47753	
47754	
47755	
14919	
14920	
14921	
47756	
47757	
47758	
14923	
14924	
14925	
14926	
14927	
14928	
14930	
14931	
47759	
47760	
47761	
47762	
47763	
47764	
47765	
47766	
47767	
14936	
14937	
14938	
47768	
47769	
47770	
47771	
47772	
14941	
47773	
47774	
14943	
47775	
47776	
14945	
14946	
47777	
47778	
47779	
47780	
14949	
14950	
14951	
14952	
14953	
14954	
14955	
14956	
14957	
14958	
14959	
47781	
47782	
14961	
60014	
47783	
47784	
47785	
14963	
14964	
47786	
47787	
14966	
47788	
47789	
47790	
47791	
47792	
47793	
47794	
47795	
14971	
47796	
47797	
47799	
47800	
14974	
14975	
14976	
14977	
14978	
14979	
14980	
14981	
14982	
14983	
47801	
47802	
14985	
47803	
47804	
14987	
14988	
14989	
14990	
14991	
14992	
14993	
47805	
47806	
47807	
47808	
14996	
14997	
14998	
14999	
15000	
15001	
15002	
15003	
15004	
15005	
15006	
15007	
15008	
15009	
15010	
15011	
15012	
47809	
47810	
15014	
15015	
15016	
15017	
15018	
15019	
15020	
15021	
47811	
47812	
47813	
47814	
47815	
47816	
15024	
15025	
15026	
15027	
15028	
15029	
15030	
15031	
47817	
47818	
15033	
15034	
15035	
15036	
15037	
15038	
15039	
15040	
15041	
15042	
15043	
15044	
47819	
47820	
15046	
15047	
15048	
15049	
15050	
15051	
15052	
15053	
15054	
15055	
15056	
15057	
15058	
15059	
15060	
15061	
15062	
15063	
15064	
58353	
15065	
15066	
15067	
15068	
15069	
47821	
47822	
47823	
47824	
47825	
47826	
47827	
15073	
15074	
15075	
15076	
15077	
15078	
15079	
15080	
15081	
15082	
47828	
47829	
15084	
15085	
47830	
47831	
15087	
15088	
15089	
15090	
15091	
15092	
15093	
15094	
47832	
47833	
15096	
15097	
15098	
15099	
15100	
58440	
57380	
47834	
47835	
15102	
15103	
15104	
15105	
15106	
15107	
15108	
15109	
15110	
15111	
15112	
15113	
15114	
15115	
15116	
15117	
15118	
15119	
15120	
15121	
15123	
15124	
15125	
15126	
15129	
15130	
15131	
15132	
15133	
15134	
15135	
15136	
15137	
15138	
15139	
15140	
15141	
15142	
15143	
15144	
15145	
15146	
15147	
15148	
15149	
15150	
15151	
15152	
15153	
15154	
15155	
15156	
15157	
15158	
15159	
47838	
47839	
47840	
15161	
15162	
15163	
15164	
15165	
15166	
15167	
15168	
15169	
15170	
15171	
15172	
15173	
15174	
47841	
47842	
47843	
47844	
15177	
15178	
15179	
15180	
15181	
15182	
15183	
15184	
47845	
47846	
15186	
15187	
15188	
15189	
15190	
15191	
15192	
15193	
15194	
15195	
15196	
15197	
15198	
15199	
15200	
15201	
15202	
47847	
47848	
15204	
15205	
15206	
15207	
15208	
15209	
15210	
15211	
15212	
15213	
15214	
15215	
15216	
15217	
15218	
15219	
15220	
15221	
15222	
15223	
15224	
15225	
15226	
15227	
15228	
15229	
15230	
15231	
15232	
47849	
47850	
15234	
15235	
47851	
47852	
15237	
15238	
15239	
47853	
47854	
15242	
15243	
15244	
15245	
47855	
47856	
15247	
47857	
47858	
47859	
47860	
15250	
15251	
15252	
15253	
15254	
47861	
47862	
15256	
15257	
15258	
47863	
47864	
15260	
15261	
15262	
15263	
15264	
58491	
15265	
15266	
47865	
15268	
15269	
15270	
15271	
15272	
15273	
15274	
15275	
15276	
15277	
15278	
15279	
15280	
15281	
15282	
15283	
15284	
15285	
15286	
15288	
15289	
15290	
15291	
15292	
15293	
15294	
15295	
15296	
15297	
15298	
15299	
15300	
15301	
15302	
15303	
15304	
15305	
15306	
15307	
15308	
15309	
15310	
15311	
15312	
15313	
15314	
47867	
47868	
15316	
15317	
15318	
15319	
15320	
15321	
15322	
15323	
15324	
15325	
15326	
15327	
15328	
15329	
15330	
15331	
15332	
15333	
15334	
15335	
15336	
15337	
15338	
15339	
15340	
15342	
15343	
47871	
47872	
15345	
15346	
15347	
15348	
15349	
15350	
15351	
15352	
15353	
15354	
15355	
15356	
15357	
15358	
15359	
15360	
15361	
15362	
15363	
15364	
15365	
15366	
15367	
15368	
15369	
15370	
15371	
15372	
15373	
15374	
15375	
15376	
15377	
15378	
15379	
15380	
15381	
15382	
15383	
15384	
15385	
15386	
15387	
15388	
15389	
15390	
15391	
15392	
15393	
47873	
47874	
15395	
15396	
15397	
15398	
15399	
15400	
15401	
47875	
47876	
47877	
47878	
15404	
47879	
47880	
47881	
47882	
15407	
15408	
15409	
15410	
15411	
81936	
15412	
15413	
47883	
47884	
15415	
15416	
15417	
15418	
15419	
15420	
15421	
47885	
47886	
47887	
15423	
15424	
15425	
15426	
15427	
15428	
15429	
15430	
15431	
15432	
15433	
15434	
15435	
15436	
15437	
15438	
15439	
15440	
15441	
15442	
15443	
15444	
15445	
15446	
15447	
47888	
47889	
15449	
15450	
15451	
15452	
15453	
15454	
15455	
15456	
15457	
15458	
15459	
15460	
15461	
15462	
15463	
15464	
15465	
15466	
15467	
15468	
15469	
15470	
15471	
15472	
15473	
15474	
15475	
15476	
15477	
15478	
15479	
15480	
15481	
47890	
47891	
47892	
47893	
47894	
47895	
15485	
15486	
15487	
15488	
15489	
15490	
15491	
15492	
15493	
15494	
15496	
15497	
15498	
15499	
15500	
15501	
47896	
47897	
15503	
15504	
15505	
15506	
15507	
58284	
15508	
15509	
15510	
15511	
15512	
15513	
15514	
15515	
15516	
15517	
15518	
15519	
15520	
15521	
15522	
47898	
47899	
15524	
15525	
15526	
15527	
15528	
15529	
15530	
15531	
15532	
15533	
15534	
15535	
15536	
15537	
15538	
47900	
47901	
15540	
15541	
15542	
15543	
15544	
15545	
15546	
47902	
15548	
15549	
15550	
15551	
15552	
15553	
15554	
15555	
15556	
15557	
15558	
15559	
57053	
15561	
15562	
15563	
15564	
15565	
15566	
15567	
15568	
15569	
15570	
15571	
15572	
15573	
15574	
15575	
15576	
47904	
47905	
15578	
15579	
15580	
15581	
58603	
15582	
15583	
15584	
15585	
47906	
47907	
15587	
15588	
15589	
15590	
15591	
15592	
15593	
15594	
15595	
15596	
15597	
15598	
15599	
15600	
15601	
15602	
15603	
15604	
15605	
15606	
15607	
15608	
15609	
15610	
15611	
15612	
15613	
15614	
15615	
15616	
15617	
15618	
15619	
15620	
15621	
15622	
15623	
15624	
15625	
15626	
15627	
15628	
15629	
15630	
15631	
15632	
15633	
15634	
15635	
15636	
15637	
15638	
15639	
15640	
15641	
15642	
15643	
47908	
47909	
15645	
15646	
15647	
15648	
15649	
15650	
15651	
47910	
47911	
15653	
15654	
15655	
15656	
15657	
15658	
15659	
15660	
15661	
15662	
15663	
15664	
15665	
15666	
15667	
15668	
15669	
47912	
47913	
15671	
15672	
15673	
15674	
15675	
15676	
15677	
15678	
47914	
47915	
15680	
15681	
15682	
15683	
15684	
15685	
15686	
15687	
15688	
15689	
15690	
15691	
15692	
15693	
47916	
47917	
15696	
15697	
15698	
15699	
15700	
15701	
15702	
15704	
15705	
15707	
15708	
58699	
15711	
15712	
15713	
15714	
15715	
15716	
15717	
15718	
15719	
47922	
47923	
15721	
15722	
15723	
15724	
15725	
15726	
15727	
15728	
15729	
15730	
15731	
15732	
15733	
15734	
15735	
15736	
15737	
15738	
15739	
15740	
15741	
15742	
15743	
15744	
15745	
15746	
15747	
15748	
15749	
15750	
15751	
15752	
15753	
15754	
15755	
15756	
15757	
15758	
47924	
47925	
15760	
15761	
15762	
15763	
15764	
47926	
47927	
15766	
15767	
15768	
15769	
15770	
15771	
15772	
15773	
15774	
15775	
15776	
15777	
47928	
47929	
15779	
15780	
15781	
15782	
15783	
15784	
15785	
15786	
15787	
15788	
15789	
15790	
15791	
15792	
15793	
15794	
15795	
15796	
15797	
15798	
15799	
15800	
15801	
15802	
15803	
15804	
15805	
15806	
15807	
15808	
15809	
15810	
15811	
15812	
15813	
15814	
15815	
15816	
15817	
15818	
15819	
15820	
15821	
15822	
15823	
15824	
15825	
47930	
47931	
15827	
15828	
47932	
47933	
15830	
47934	
47935	
47936	
47937	
47938	
15833	
15834	
15835	
15836	
15837	
15838	
15839	
15840	
15841	
15842	
15843	
15844	
15845	
15846	
15847	
15848	
15849	
15850	
15851	
15852	
15853	
15854	
15855	
15856	
15857	
47939	
47940	
15859	
15860	
15861	
15862	
15863	
15864	
15865	
15866	
47941	
47942	
15868	
15869	
47943	
47944	
15871	
15872	
15873	
15874	
47945	
47946	
15876	
47947	
47948	
15878	
15879	
15880	
47949	
47950	
15882	
47951	
47952	
15884	
15885	
15886	
15887	
15888	
15889	
15890	
15891	
15892	
15893	
15894	
15895	
15896	
15897	
15898	
15899	
15901	
15902	
15903	
47955	
47956	
15906	
15907	
15908	
15909	
15910	
15911	
15912	
15913	
47957	
47958	
47959	
47960	
15916	
15917	
15918	
47961	
47962	
47963	
47964	
15921	
15922	
15923	
15924	
15925	
15926	
15927	
15930	
15931	
15932	
15933	
15934	
15935	
15936	
15937	
81732	
15938	
15939	
15940	
15941	
15942	
15943	
15944	
15945	
15946	
15947	
47968	
47969	
15949	
15950	
15951	
15952	
15953	
15954	
15955	
47970	
47971	
47972	
15957	
47973	
47974	
15959	
15960	
15961	
47975	
47976	
15963	
47977	
47978	
15965	
15966	
15967	
15968	
47979	
47980	
15970	
15971	
15972	
15973	
15974	
15975	
15976	
15977	
15978	
15979	
15980	
47981	
47982	
47983	
47984	
47985	
47986	
47987	
47988	
15983	
15984	
15985	
15986	
15987	
15988	
15989	
47989	
47990	
15991	
15992	
47991	
47992	
47993	
47994	
47995	
15994	
15995	
15996	
15997	
58746	
15998	
47996	
16000	
47998	
47999	
16002	
16003	
16004	
16005	
16006	
16007	
16008	
16009	
16010	
48000	
48001	
16012	
48002	
48003	
16014	
48004	
16016	
16017	
16018	
16019	
16020	
48006	
48007	
16022	
48008	
48009	
48010	
48011	
16025	
16026	
16027	
16028	
16029	
16030	
16031	
16032	
16033	
16034	
16035	
16036	
16037	
16038	
48012	
48013	
48014	
48015	
16041	
16042	
16043	
16044	
48016	
48017	
16046	
16047	
48018	
48019	
16049	
16050	
16051	
16052	
16053	
16054	
16055	
16056	
16057	
48020	
48021	
16059	
16060	
16061	
16062	
16063	
16064	
16065	
16066	
16067	
16068	
48022	
48023	
16070	
16071	
16072	
16073	
16074	
16075	
16076	
16077	
48024	
48025	
16079	
16080	
16081	
16082	
16083	
16084	
16085	
16086	
48026	
48027	
16088	
16089	
16090	
16091	
16092	
16093	
16094	
16095	
16096	
16097	
16098	
16099	
16100	
16101	
16102	
16103	
16104	
16105	
16106	
16107	
16108	
16109	
16110	
16111	
16112	
16113	
48028	
48029	
16115	
16116	
16117	
16118	
16119	
16120	
16121	
48030	
48031	
48032	
48033	
16124	
16125	
16126	
16127	
16128	
16129	
16130	
48034	
48035	
48036	
48037	
16133	
48038	
48039	
16135	
48040	
48041	
16137	
16138	
16139	
16140	
16141	
16142	
16143	
16144	
16145	
16146	
16147	
16148	
16149	
16150	
16151	
16152	
16153	
16154	
48042	
48043	
16156	
16157	
16158	
16159	
16160	
16161	
16162	
16163	
16164	
16165	
16166	
16167	
16168	
16169	
16170	
16171	
16172	
16173	
16174	
16175	
16176	
16177	
16178	
16179	
16180	
16181	
16182	
16183	
16184	
16185	
48044	
48045	
16187	
16188	
48046	
56952	
16190	
16191	
16192	
16193	
16194	
16195	
16196	
16197	
16198	
16199	
16200	
16201	
48048	
48049	
48050	
48051	
48052	
48053	
48054	
48055	
16206	
16207	
16208	
16209	
16210	
16211	
16212	
62839	
16213	
16214	
48056	
48057	
16216	
16217	
16218	
16219	
16220	
16221	
16222	
16223	
16224	
16225	
16226	
16227	
16228	
48058	
48059	
16230	
48060	
48061	
16232	
16233	
48062	
48063	
16235	
16236	
16237	
16238	
16239	
16240	
16241	
16242	
16243	
16244	
16245	
16246	
48064	
56954	
48065	
16248	
16249	
16250	
16251	
16252	
16253	
16254	
48066	
48067	
16256	
16257	
16258	
16259	
16260	
16261	
48068	
48069	
16263	
16264	
16265	
16266	
6500	
6501	
6502	
47268	
47269	
6504	
6505	
6506	
6507	
6508	
47270	
47271	
6510	
6511	
6512	
47272	
47273	
6514	
6515	
6516	
6517	
6518	
6519	
6520	
6521	
6522	
6523	
6524	
6525	
6526	
6527	
6528	
6529	
6530	
6531	
47274	
47275	
6533	
6534	
6535	
6536	
6537	
6538	
6539	
6540	
6541	
6542	
6543	
6544	
6545	
6546	
6547	
6548	
6549	
57360	
6550	
6551	
6552	
6553	
47276	
47277	
6555	
47278	
47279	
6557	
6558	
6559	
6560	
6561	
6562	
6563	
6564	
6565	
6566	
6567	
6568	
6569	
6570	
6571	
6572	
6573	
6576	
47280	
47281	
47282	
6578	
57361	
6579	
6580	
6581	
6582	
6583	
6584	
6585	
6586	
57051	
6588	
6589	
6590	
6591	
6592	
6593	
47283	
47284	
6595	
6596	
6597	
6598	
6599	
6600	
6601	
6602	
47285	
47286	
6604	
6605	
6606	
6607	
6608	
6609	
6610	
6611	
6612	
6613	
6614	
6615	
6616	
6617	
6618	
6619	
6620	
6621	
6622	
6623	
6624	
83596	
6625	
6626	
6627	
6628	
6629	
6630	
6631	
6632	
6633	
6634	
6635	
6636	
6637	
6638	
6639	
6640	
6641	
6642	
6643	
58265	
6644	
6645	
6646	
6647	
6648	
6649	
6650	
47287	
47288	
6652	
6653	
6654	
6655	
6656	
6657	
6658	
6659	
6660	
6661	
6662	
6663	
6664	
6665	
6666	
6667	
6668	
6669	
6670	
6671	
6672	
6673	
6674	
6675	
6676	
6677	
6678	
6679	
6680	
6681	
6682	
6683	
6684	
6685	
6686	
6687	
6688	
6689	
6690	
6691	
6692	
6693	
6694	
47289	
47290	
6696	
6697	
6698	
6699	
6700	
6701	
6702	
6703	
47291	
47292	
6705	
6706	
6707	
6708	
6709	
6710	
6711	
6712	
6713	
6714	
47293	
47294	
6716	
6717	
6718	
6719	
6720	
6721	
6722	
6723	
6724	
6725	
6726	
6727	
6728	
6729	
6730	
6731	
6732	
6733	
6734	
6735	
6736	
6737	
6738	
6739	
6740	
6741	
57365	
6742	
6743	
6744	
6745	
6746	
6747	
6748	
6749	
6750	
6751	
6752	
6753	
57366	
57367	
6754	
47295	
47296	
6756	
6757	
6758	
6759	
6760	
6761	
6762	
6763	
47297	
47298	
6765	
6766	
6767	
6768	
6769	
6770	
6771	
6772	
6773	
6774	
6775	
6776	
6777	
6778	
6779	
6780	
6781	
6782	
6783	
6784	
6785	
6786	
6787	
6788	
47299	
47300	
6790	
6791	
57368	
6792	
6793	
6794	
6795	
6796	
6797	
57369	
6798	
6799	
6800	
6801	
6802	
6803	
6804	
6805	
6806	
6807	
6808	
6809	
6810	
6811	
6812	
6813	
6814	
6815	
6816	
6817	
6818	
6819	
6820	
6821	
6822	
47301	
47302	
6824	
6825	
6826	
6827	
6828	
6829	
6830	
6831	
6832	
6833	
6834	
6835	
6836	
6837	
6838	
6839	
57370	
57371	
57372	
6840	
6841	
6842	
6843	
6844	
6845	
6846	
6847	
6848	
6849	
6850	
6851	
6852	
6853	
6854	
6855	
6856	
6857	
6859	
6860	
6862	
6863	
6864	
6865	
6866	
6867	
6868	
6869	
6870	
6871	
6872	
6873	
6874	
6875	
6876	
6877	
6878	
6879	
6880	
6881	
6882	
6883	
6884	
6885	
6886	
6887	
6888	
6889	
6890	
6891	
6892	
6893	
6894	
6895	
6896	
6897	
6898	
6899	
6900	
6901	
57376	
6902	
6903	
6904	
6905	
6906	
6907	
6908	
6909	
6910	
6911	
6912	
6913	
6914	
6915	
6916	
6917	
6918	
6919	
6920	
6921	
47303	
47304	
6923	
57377	
6924	
6925	
47305	
47306	
6927	
6928	
6929	
6930	
6931	
6932	
6933	
6934	
6935	
6936	
6937	
6938	
6939	
6940	
6941	
6942	
6943	
6944	
6945	
6946	
6947	
6948	
6949	
6950	
6951	
6952	
6953	
6954	
6955	
6956	
6957	
6958	
6959	
6960	
6961	
6962	
6963	
6964	
6965	
6966	
6967	
6968	
6969	
6970	
6971	
6972	
47307	
47308	
47309	
6974	
6975	
6976	
6977	
57052	
6979	
6980	
6981	
6982	
6983	
6984	
6985	
6986	
6987	
47310	
47311	
6989	
6990	
6991	
6992	
6993	
6994	
6995	
6996	
6997	
6998	
6999	
7000	
7001	
7002	
7003	
7004	
7005	
7006	
7007	
47312	
47313	
7009	
7010	
7011	
7012	
7013	
7014	
7015	
7016	
7017	
7018	
7019	
7020	
7021	
7022	
7023	
7024	
7025	
7026	
7027	
7028	
7029	
7030	
7031	
47314	
47315	
7033	
7034	
7035	
7036	
7037	
7038	
7039	
7040	
7041	
7042	
7043	
7044	
7045	
7046	
7047	
7048	
7049	
7050	
7051	
7052	
7053	
7054	
7055	
7056	
7057	
7058	
7059	
7060	
7061	
47316	
47317	
47318	
47319	
7064	
47320	
47321	
7066	
7067	
7068	
7069	
7070	
7071	
7072	
47322	
47323	
47324	
47325	
47326	
47327	
7074	
7075	
7076	
7077	
47328	
47329	
7079	
7080	
7081	
7082	
7083	
7084	
7085	
7086	
7087	
57364	
7088	
7089	
7090	
7091	
7092	
47330	
47331	
47332	
7094	
7095	
7096	
55127	
47333	
47334	
7098	
7099	
47335	
47336	
7101	
7102	
7103	
7104	
7105	
7106	
7107	
7108	
7109	
7110	
7111	
7112	
7113	
7114	
7115	
7116	
7117	
7118	
7119	
47337	
47338	
7121	
7122	
7123	
47339	
47340	
47341	
7125	
7126	
7127	
7128	
7129	
47342	
47343	
47344	
7131	
7132	
7133	
7134	
7135	
55140	
7139	
7140	
7141	
7142	
7143	
7144	
7145	
7146	
7147	
7148	
7149	
7150	
7151	
7152	
7153	
7154	
7155	
7156	
7157	
7158	
7159	
7160	
7161	
47345	
47346	
7163	
7164	
47347	
47348	
47349	
47350	
47351	
47352	
47353	
47354	
7169	
7170	
7171	
7172	
7173	
7174	
7175	
7176	
7177	
7178	
7179	
7181	
7182	
7183	
7184	
7185	
7186	
7187	
7188	
7189	
7190	
7191	
7192	
7193	
7194	
7195	
7196	
7197	
7198	
47355	
47356	
47357	
47358	
7201	
7202	
7203	
7204	
7205	
7206	
7207	
7208	
7209	
7210	
7211	
7212	
7213	
7214	
7215	
7216	
7217	
7218	
7219	
7220	
7221	
7222	
7223	
7224	
7225	
7226	
7227	
7228	
7229	
7230	
7231	
7232	
7233	
7234	
7235	
7236	
7237	
7238	
7239	
7240	
7241	
7242	
7243	
7244	
7245	
7246	
7247	
47359	
56895	
56896	
7249	
7250	
7251	
7252	
7253	
7254	
7255	
7256	
7257	
7258	
7259	
7260	
7261	
7262	
7263	
7264	
7265	
7266	
7267	
7268	
7269	
7270	
7271	
47361	
47362	
7273	
47363	
47364	
7275	
7276	
7277	
7279	
7280	
7282	
7283	
7284	
7285	
7286	
47365	
47366	
47367	
7288	
7289	
7290	
7291	
7292	
7293	
7294	
7295	
7296	
47368	
47369	
7298	
7299	
7300	
7301	
7302	
7303	
7305	
7306	
7307	
7308	
7309	
7310	
7311	
7312	
7313	
7314	
47370	
47371	
7316	
47372	
47373	
7318	
7319	
7320	
7321	
7322	
7323	
7324	
7325	
47374	
47375	
7327	
7328	
7329	
7330	
7331	
7332	
7333	
7334	
7335	
7336	
47376	
47377	
7338	
7339	
7340	
7341	
7342	
7343	
7344	
7345	
7346	
7347	
7348	
7349	
7350	
7351	
7352	
7353	
7354	
7355	
7356	
7357	
7358	
7359	
7360	
7361	
7362	
7363	
7364	
7365	
7366	
7367	
7368	
7369	
7370	
57373	
7371	
7372	
7373	
7374	
7375	
7376	
7377	
7378	
7379	
7380	
7381	
7382	
7383	
7384	
7385	
7386	
7387	
7388	
7389	
7390	
7391	
7392	
7393	
7394	
7395	
7396	
7397	
7398	
7399	
47378	
47379	
47380	
47381	
7402	
7403	
7404	
7405	
7406	
7407	
7409	
7410	
7411	
7412	
7413	
7414	
7415	
7416	
7417	
7418	
7419	
7420	
7421	
7422	
56910	
56911	
7423	
7424	
47382	
47383	
7426	
7427	
56913	
7428	
7429	
7430	
7431	
7432	
7433	
7434	
7435	
47384	
47385	
7437	
7438	
7439	
7440	
7441	
7442	
57375	
7443	
7444	
7445	
7446	
7447	
56962	
7448	
7449	
56965	
7450	
7451	
7452	
7453	
7454	
7455	
7456	
7457	
7458	
7459	
7460	
7461	
7462	
7463	
7464	
7465	
7466	
7467	
7468	
7469	
7470	
7471	
7472	
7473	
7474	
7475	
7476	
7477	
7478	
7479	
7480	
7481	
7482	
7483	
7484	
7485	
7486	
7487	
7488	
7489	
7490	
7491	
7492	
7493	
7494	
7495	
47386	
47387	
7497	
7498	
7499	
7500	
7501	
7502	
7503	
7504	
47388	
47389	
7506	
47390	
47391	
7508	
7509	
7510	
7511	
7512	
7513	
7514	
7515	
7516	
7517	
7518	
7519	
7520	
7521	
7522	
7523	
7524	
7525	
7526	
7527	
47392	
47393	
47394	
47395	
47396	
47397	
7531	
7532	
7533	
7534	
7535	
7536	
7537	
7538	
7539	
7540	
7541	
7542	
7543	
47398	
47399	
7545	
47400	
47401	
47402	
47403	
7547	
7548	
20151	
	55146
20152	55147
20153	55148,57061
20154	55149
20155	55150
20156	55151
48331,48332	55152
20158	55153
20159	57363,55154
20160	55155
20161	55156
20162	55157
20163	55158
20164	55159
20165	55160
20166	55161
20167	55162
20168	55163
20169	55164
20170	55165
20171	55166
20172	55167
20173	55168
20174	55169
55124	57384
20175	55170
20176	55171
48333,48334	55172,57385
20178	55173
20179	55174
20180,20181	55175
20182	55176
20183	
	55177
20184	55178
20185	57386
48335	55180
48336	57387
20187	55181
20188	55182,55183
20190	55184
48337	55185
20192	55186
20193	55187
20194	55188
20195	55189
20196	55190,55191
20197	55192
20198	55193
20199	55194
20200	55195
20201	55196
20202	55197,55198
20203	55199,55200
20204	55201,55202
48339	55203
48340	57388
48341	55204
48342	57389
20207	55205
20208	55206
20209	55207
20210	55208
20211	55209
20212	55210
20213	55211
48343	55212
48344	57391
20215	55213
20216	55214
20217	55215
20218	55216
20219	55217
	55218
20220,20221,20222	57392,55220
20223	55221
20224	55222
20225	55223
20226	55224
20227	
	55225
20228	55227
20229	55228
20230	55229
20231	55230
20232	55231
20233	55232
20234	55233
20235	55234
20236	55235
20237	55236
20238	55237,55238
48345	55239
48346	58454
20240	55240
20241	55241
20242	55242
20243	55243
20244	55244
20245	55245
20246	55246
20247	55247
20248	55248
20249	55249
20250,81908	55250
20251	55251
20252	55252
20253,20254	55253,55254
20255	55256,55257
20257	55258
20258	55259
20259	55260
20260	55261
20261	55262
20262	58494,55263,55264
20263	55265
20264	55266
20265	55267
20266	55268
20267	55269
20268	55270,58495
20269	55271
20270	55272
20271	55273
20272	58496
20273	55275
20274	55276
20275	55277
20276	55278
20277	55279
20278	55280
20279	55281
20280	55282
20281	
	55283
20282	55284
20283	55285
20284	55286
55123	57393
20285	55287
20286	55288
20287	55289
20288	55290
20289	55291
20290	55292
20291	58151
20292	55293
20293,20294	55295,55296
20295	55297
20296	58152
20297	55299
20298	55300
20299	55301
20300	55302
20301	55303
20302	55304
20303	55305
20304,20305	55306,55307
20306	55308
20307	55309
20308,48347,48348	55310,58157
48349,48350	55312
20311	55313
20312	
	55314
	55315
20313,55125	58160
55126	58162
20314	
20315	55317
20316	55318
20317	55319
20318	58168
20319	55321
20320	58165,58166
20321	55323
20322	55324
20323	55325
20324	55326
20325	55327
20326	55328
20327	55329
20328	55330
20329	55331
20330	55332,58169,58170
20331	55333,58171
20332	58172
20333	55335
20334	55336
20335	55337
20336	55338
20337	55339
20338	55340
20339	55341
56875	58174
20340	55342
20341	55343
56876	58175
20342	55344
20343	55345
20344	55346
20345	55347
20346	55348
20347	55349
20348	55350
20349	55351
20350	55352
20351	55353
20352	
	55354
20353	55355
20354	55356
20355	55357
20356	55358
20357	55359,83262
20358	55360
20359	58177
56877	58178
20360	55362
20361	55363
20362	55364
20363	55365,58180
20364	58179
20365	55367
20366	55368
20367	55369
20368	55370
20369	55371
20370	55372
20371	55373
20372	55374
56879	58182
20373	55375
20374,20375	55376,55377
20376	55378
56880	58183
20377	55379
20378	55380
20379	55381
20380	55382
56955	58193
20381	55383
20382	55384
20383	55385
20384	55386
20385	55387
20386,20387	55388
20388,20389	55390
20390	55392
20391	58194
	55394
20392,20393,20394,20395	55395,58195,55396
20396	55397
20397	55398
20398	55399
20399	55400
20400	55401,55402
48351	58196
48352	58197
20402	55403
48353,48354	55404,58198,58200
20404	55405
20405	55406
20406	55407
20407	58201
20408	55409
20409	55410
20410	55411
20411	55412
20412	55413
20413	58214
20414	58215
20415	55416
20416	55417
20417	55418
20420	55420
57012	58216
57013	55421
58230	58217
20422	55422
48355	55423,58218
48356	58219
20424	55424
20425	55425
20426	55426,58220
20427	55427
20428	55428
20429	55429
20430	55430
20431	55431
20432	55432
20433	55433
20434	55434
20435	58221
48357	55436
48358	58222
20437	55437,58225
20438	55438
58359	58226
20439	55439
20440	55440
20441	55441
20442	55442
20443	55443,55444
20444,20445	55445
20446	55446
20447	55447
20448	55448
20449	55449
20450	58232
20451	55451
20452	55452,58234
20453	55453
20454	55454
20455	55455
20456	55456
20457	55457
20458	55458,58238
20459	55459
20460,20461	55460,58239,55461
20462	55462
20463	55463
20464	55464
20465	55465
20466	55466
20467	
	55467
20468	55468
20469	55469
20470	55470
20471	55471
20472	55472
20473	55473
20474	55474
48359,48360	55475
20476	55476
20477	55477
20478	55478
20479	55479
20480	55480
20481	55481
48361	55482
48362	58261
48363	58262
48364	58263
48365	58264
20483	55483
20484	55484
20485	55485
20486	55486
20487	55487
20488,20489	55488,55489
20490	55490
20491	55491
20492,20493	55492,55493
20494	55494
20495,20496,20497	55495,55496,55497
20498	55498
20499	55499
20500	55500
20501	55501
20502	55502
20503	55503
20504	55504
20505	55505
48366,48367	55506
20507	55507,55508
20509	55509
20510	55510
20511	55511
20512	55512
20513	55513
20514	55514
20515	55515
20516	55516
20517	55517
20518	55518
48371,48372,48373	55519
20520	55520
20521	55521
20522	55522,58287
20523	55523,58288
20524	55524
20525	55525
20526	55526
20527,20528	55527,55528
20529	55529
20530	55530
20531,57023,57024,48376	55531,58289,58290,58291,55532,58292,55533
20534,48379,48380	55534,55535
20536	55536
20537	55537,58293
20538	55538
20539	55539
20540	55540
48381,48382	55541
48383,48384	55542
20543	55543
20544	55544
20545	55545
20546	55546
20547	55547
20548	58294
20549	55549
20550	55550
20551	58295
20552	55552
20553	55553
20554	55554
20555	55555
20556	55556
20557	55557
20558	55558
20559	55559
20560	55560
20561	55561
20562	55562
20563	55564
20564	58298
57029	58299
20565	55565
20566	58300
48385	55567
48386	58301
20568	55568
20569	55569
20570	55570
20571	55571
20572,48387	55572,58302,55573
48388	58303,58304
20574	55574,58306
20575	58305
20576	55575,58307
20577	
20578	58308,58309
20579	55578
20580	55579
20581	55580,58316
20582	55581
20583	58317
20584	55583
20585	55584
20586	55585,55586
	55587
20588	58318
20589	55588
20590	55589
20591	58319,55590
20592	55591
20593	55592
20594	55593
20595	55594
20596	55595
20597	55596
48389	58320
48390	58321
20599	55598
20600	55599
20601	55600
20602	55601
20603	58322
48391	55602
48392,20605	58323,58324,55603
20606	55604
20607	55605
20608	55606
20609	55607
20610	55608
48393	55609
48394	58325
48395	
48396	
	55610
20613	55611
20614	55612
20615	55613
20616	55614
20617	55615
20618	55616
20619	55617
20620	55618
20621	55619
20622	55620
20623	55621
20624,20625	55622
48397,48398	55623
48399,48400	55624
48401	55625
20629	55626
20630	55627
20631	55628
20632	55629
20633	55630
20634	55631
20635	55632
56956	58362
20636	55633
20637	58363
48403	55635
48404	58364
20639	55636
20640	55637
20641	55638
20642	55639
20643	55640
20644	55641
20645	55642
20646	55643
20647	55644
20648	55645
20649	55646
20650	58365
20651	55648
20652	55649
20653	55650,55651
20654	58366
20655	55652
56957	58367
20656	55653
20657	55654
20658	55655
20659	55656
20660	55657
20661	55658
20662	55659
20663	55660
20664	55661
20665	55662
20666	55663
20667	55664
20668	55665
20669	55666
20670	55667
20671	55668
20672	55669
20673	55670
48405	55671
20675	55672
20676,20677	55673,55674,55675
20678	55676
20679	55677
20680	55678
20681	58368
20682	55680
20683	55681
20684	55682
20685	55683
20686	55684
20687	55685
20688	55686
20689	55687,58369
20690	55688
20691	55689
56958	58370
56959	58371
20692	55690
20693	55691
20694	55692
20695	55693
20696	55694
20697	55695
20698	55696
20699	55697
20700	55698
20701,20702	55699,55700,58372
20703	55701
20704	55702
20705	55703
20706	
	55704
48407	55705
48408	58373
20708	55706
48409	55707
20710	55708,58374
20711	55709
20712	55710
20713	55711
20714	55712
20715	55713
20716	55714
20717	55715
20718	55716
20719	55717
20720	55718
20721	55719
20722	55720
20723	55721
20724	55722
20725	58375,55723
20726	55724
20727	58376
20728	55725
20729	55726
20730	55727
20731	55728
20732,20733	55729,58377,55730
20734	55731
20735	55732
20736	55733
20737	55734
20738	55735
20739	55736
20740	55737
20741	55738
20742	55739
20743	55740
20744	55741
20745	55742
20746	55743
48411,48412	55744
48413,48414	55745
20749	55746
20750	55747
20751	55748
20752	58381,55749
20753	55750,55751,58382
20755	55752
20756	55753
20757	55754
48417	55755
48418	58383
20759	55756
20760	55757
20761	55758
20762	55759
48419	55760,58384
48420	55761
20764	55762
20765	55763
20766	55764
20767	55765
20768	55766
20769	58385
20770	55768
20771	55769
20772,20773	55770
20774	55772
20775	55773
20776	
	55774
20777	58387
20778,20779	58388
20780	55778
20781	55779
20782	55780
20783	55781
20784	55782
20785,20786	55783,58394,55784
20787	55785
20788	55786
20789	58395
20790	55788
	58396
20791	55789
48421	55790
48422	58397
20793	55791
48423,48424	55792
20795	55793
20796	55794
20797	55795
20798	55796
20799	55797
48425,48426	55798
20801	55799
20802	55800
20803	55801
20804	55802
20805	58398
20806	55804
20807	55805
48427,48428	55806
20809	55807
20810	55808
20811	55809
20812	55810
20813	55811
20814	55812
20815	58399
20816	55813
20817	55814
20818	55815,58400
20819	55816
20820	55817
	55818
20821,20822	58401
20823	55819
20824	55820
20825	55821
20826	55822
20827	55823
20828	55824
20829	55825
20830,20831	55826
20832,20833	55827,55828
20834	55829
20835	55830
20836	55831
20837	55832
20838	55833
48429,48430	55834
20840	55835
20841	55836
20842	55837
20843,20844	55838,55839
20845	55840
20846	55841
20847	55842
20848	55843,58403
20849	58402
20850	55845
20851	55846
20852	55847
20853	55848
20854	58404
20855	55850
20856	55851
20857	55852
20858	55853
20859	55854
20860	55855
20861	55856,58405
20862	55857
20863	58406
20865	
	55860
20866	55861,55862
20867	58408
20868	55863
20869	55864
20870	55865
20871	55866
20872	55867
20873	55868
20874	55869
20875	55870
20876	55871
20877	55872
20878	55873
20879	55874
20880	55875
48431	55876
48432	55877
20882	55878
20883	55879
20884	55880
20885	55881
20886	55882
20887	55883
20888	55884
20889	55885
48433,48434	55886
20891	55887
20892	55888
20893	58409
20894	55890,55891
20895	55892
20896	55893
20897	55894
20898	55895
48435	55896
48436	58410
48437	55897
48438,20901,20902	58411,55898,55899
20903	58412
20904,48439	55901,55902
48441	55903,58413
20907	55904
20908,48443	55905
20910	55906
20911	55907
20912	55908
20913	55909
20914	55910
20915	55911
20916	55912
20917	55913,58414
20918	55914
20919	55915
20920	55916
20921	55917
20922	55918
20923	55919
20924	55920,58416,58417
20925	58415
20926	58419,58418
20927	55923
20928	55924
20929	55925
20930	55926
20931	55927
20932	55928
20933	55929
20934	55930
20935	55931
20936	55932
20937	55933
20938	55934
20939	55935
20940	55936
20941	55937
20942	55938
20943	55939
20944	55940
20945	55941
20946	55942
20947	55943
20948	55944
20949	55945
48445,48446,20951	55946,58421
20952	55948
20953	55949
20954	55950
20955	55951
20956	55952
20957	55953
20958	55954
20959	55955
20960	55956
20961	55957
20962	55958
20963	55959
20964,20965,58145	55960,55962
20966	55963
20967	55964
20968	55965
20969,20970	55966,58425
20971	55968
20972	55969
48447	55970
48448	58426
20974	55971
20975	55972
48449,48450	55973
20977	55974
20978	58427
20979	55976
20980,20981	55977
48451,48452	55978
20983	55979
20984	55980
20985	55981
20986	55982
20987	
20988	55984
20989	55985
20990	55986
20991	55987
20992	55988
20993	55989
20994	55990
20995	55991
20996	55992
20997	55993
	58428
20998,20999	55994
21000	55995,55996,55997
21001	58431
48453,48454,48455,48456	55998
21003	56000
21004	56001
21005	56002
21006	56003
21007	56004
48457	56005
48458	58432
21009	56006
48459,48460	56007
21011	56008
21012	56009
21013	56010
21014	56011,58433
48461	56012
48462	58434
21016	56013
21017	56014
21018	56015
21019	56016
21020	56017
21021	56018
21022	56019
21023	56020
21024	56021
21025	58435
21026	56023
21027	56024
21028	56025
21029	58443
21030	56027
21031	56028,58444
21032	56029
21033	56030
21034	56031
21035	56032
21036	56033
21037	56034
21038	56035
21039	56036
21042	56039
21043	56040
21044	56041
21045	56042
21046	56043
21047	56044
48465,48466	56045
48467	56046
48468	58445
21050	56047
21051	56048
21052	56049
48469	56050
48470	58446
21054	56051
21055	56052
48471	56053
48472	58448
21057	56054
21058	56055
21059	56056
48473,48474	56057
21061	56058
48475,48476	56059
21063	56060
21064	56061
21065	56062
21066	56063
21067	56064
21068	56065
21069	56066
21070	56067
21071,21072	56068,56069
21073	56070
21074	56071
21075	56072
48477	56073
48478	56074
21077	56075
21078	56076,58502
21079	56077
21080	56078
21081	58503
21082	56080,58504
21083	56081
21084	56082
21085	56083
48479	56084
48480	58505
21087	56085
21088	56086
21089	56087
21090	56088
21091	56089
21092,21093	63507
	56091
21094	58507
21095,48481,48482	56092
21097	56094
21098	56095
21099	56096
21100	56097
48483,48484	56098
21102	56099
21103	56100
21104	56101
21105	56102
21106	56103
21107	56104
21108	56105
21109	56106
21110	56107
21111	56108
21112	56109
21113	56110
21114	56111
21115	58509
21116	56113
21117	56114
21118	56115
21119	58510
21120	
21121	56118
21122	56119
21123	56120
21124	56121
21125	56122,58511
21126	56123
48485,48486	58512,58513
21128	56125
21129	56126
21130	56127
21131	56128
21132	56129
21133	58514
21134	56131
21135	56132
21136	56133
21137	58515
48487	56135
48488	58516
21139	58517
21140	56137
21141	56138
21142	56139,56140
48489	58518
48490	58519
21144	56141
21145	56142,56143
48491	58520
48492	58521
21147	56144
21148	56145
21149	56146
21150	58522
21151	56147,56148
21152	56149
21153	56150
21154	56151
21155	56152
21156	56153
21157	56154,58523
21158	58525
21159	56156
21160	56157
21161	
63002	
21162	56159
21163	56160
21164	56161
21165	56162
21166	56163
21167,21168	56164
21169	56166
21170	56167
21171	56168,58604
21172	56169
21173	56170
	56171
21174,21175	56172
21176	56173
21177	56174
21178,21179	56175,56176
21180	56177
21181	56178
21182	56179
21183	56180
21184	56181
21185	56182
21186	56183
21187	56184
21188	56185
21189	56186
21190	56187
21191	58605
21192	56189
21193	56190
48493	56191
48494	56192
21195	56193
21196	56194
21197	58606,58607,58608
21198	56196
48495	56197
48496	58609
21200	56198
48497	56199,56200
48498	58610,58611
21202	56201
21203	56202
21204	56203,56204
21205	56205
58184	58612
21206	56206
21207	56207
21208	56208
21209	58614
21210	56210
21211	56211
21212	56212
21213	56213
21214	56214
21215	58615,56215
21216	56216
21217	58616
21218	56218
21219	56219
21220	56220
21221	56221
48499	56222
48500	58617
21223	56223
21224	56224
21225	56225
21226	56226
21227	56227
21228	56228
21229	56229
21230	56230
21231	56231
21232	56232
21233	56233
21234	56234
21235	56235
21236	56236
21237	56237
48501	56238
48502	58619
21239	56239
21240	56240
21241	56241
21242	56242
21243	56243
21244	56244
21245	56245
21246	56246
48503,48504	56247
21248	56248
21249	56249
21250	58620,56250
21251	56251
21252	56252
21253	56253
21254	56254
21255	56255
21256	56256
21257	56257
21258	56258,58623
21259	56259
21260	58624
21261	56261
21262	56262
48505,48506	56263
21264	56264
21265	56265
21266	56266
21268	56268
21269	56269
21270	56270
21271	56271
21272	56272
21273	56273
21274	56274
21275	56275
21276	56276
21277	56277
21278	56278
48509,48510	58625
21282	56282
21283	56283
21284	56284
21285	56285
48511	58626
48512	56286
21287,21288	56287
21289	56289
21290	58627
21291	56291
21292	56292
58249	58628
58250	58629
21293	56293
21294	56294,58630
21295	56295
21296	56296
21297	56297
21298	56298
	56299
21299,21300	56300
21301	56301
21302	56302
21303	56303
21304	56304
21305	56305
21306	56306
21307	56307
21308	56308
48513	56309,56310
21311	56312
21312	56313
21313	56314,56315
21315,21316,62780,21317	56316
21318	56319
21319	56320
21320	56321
48515	56322
21322	56323
48519	56324
48520	58631
48521	58632
48522	58633
48523	58634
48524	58635
21324	56325
21325	56326
21326	56327
21327	56328
21328	56329
48525,48526	56330
48527	58636
48528	56331
48529	
48530	
	58637
	58638
	58639
21331	56332
21332	56333
21333	56334
21334	56335
21335	56336
	58642
21336	58641,58644,56337
21337	56338,58645
21338	56339
21339	56340
21340	56341
21341	56342
48531	56344
48532	58646
21343	56345
21344	56346
21345	56347
21346	56348
21347	56349
58489	58647
21348	56350
21349	56351
48533,48534	56352
21351	56353
21352	56354
48535	56355
48536	58648
21354	56356
21355	56357
21356	56358
21357	56359
21358	56360
21359	56361
48537	56362
48538	58649
21361	56363
21362	56364
21363	56365
21364	58650
21365	56367
21366	56368
48539	56369
48540	58651
48541	58652
48542	58653
48543	58654
21368	56370
21369	56371
21370	56372
21371	56373
21372	56374
48544,48545	56375
21374	56376
21375	56377
21376	56378
21377	56379
21378	56380
21379	56381
21380	56382
21381	56383
21382	56384
21383	56385
48546,48547	58655
21385	56388
21386	56389
21387	56390
21388	56391
21389	56392
21390	56393
21391	56394
21392	56395
21393	56396
21394	56397
21395	56398
21396	56399
21397	56400
21398	
21399,21400	56401,58656,56403
21401	56404
21402	56405
21403	56406
21404	56407
21405	56408
21406	56409
21407	56410
48548	56411
48549	58672
21409	58673
21410	56413
21411	56414
21412	56415
21413	56416
21414	56417
21415	56418
21416	56419
21417	56420
21418	56421
58768	58674
21419	56422
21420	56423
21421	56424
21422	56425
21423	56426
21424	56427
21425	56428
21426	58675
21427	56430
21428	56431
21429	56432
21430	56433
21431	56434
21432	56435
21433	56436
21434,21435	56437,56438
21436	56439
21437	56440
48550,48551	56441
21439	56442
21440	56443
21441	58679
21442	56445
21443	56446
21444	56447
21445	58767
21446	56449
21447	56450
48552,48553	56451
21449	56452
21450	56453
21451	56454
21452	56455,60020
21453,21456	56456
21457	56459
21458	56460
21459	56461
21460	56462
21461	56463
21462	56464
21463	56465
21464	56466
21465	56467
21466	56468
21467	56469
21468	56470
21469,21470	56471,56472
	56473
21471,58671	60021
21472	56474
21473	
	56475
21474	56476
21475,21476	56477,56478
21477	56479
21478,21479	56480,56481
21480	56482
21481	
	56483
21482	60022
21483	56485
21484	56486
21485	56487
21486	56488
58267,62829	56489
58268,21491	56491,56493
21492	56494
21493	56495
21494	56496
21495	56497
21496	56498
21497	56499
21498	56500
21499	56501
21500	60023
21501	56503
21502	56504
21503	56505
21504	56506
21505	56507
21506	56508
21507	56509
21508	56510
21509	56511
21510	56512
21511	56513
21512	56514
21513	56515
21514	60024
21515	56517
21516,21517	56518
21518	56520
21519	56521
21520	56522
21521	56523
21522	56524
21523	56525
21524	56526
21525	56527
21526	56528
	60025
21527	56529
21528	56530
21529	56531
21530	56532
21531	56533
21532	60026
21533	56535
21534	56536
21535	56537
21536	56538
21537	56539
48558	56540,60032,60033
48559	60034
21539	56541
21540	56542
21541	56543
21542	56544
48560	56545
48561	56546
48562,48563	56547
21545	56548
21546	56549
21547	56550
21548	56551
21549	56552
21550	56553
21551	56554
48564	56555
48565	56556
21553	56557
21554	56558
21555	56559
21556	56560
21557	56561
21558	56562
21559	56563
21560	56564
21561	56565
48566,48567	56566
21563	56567
48568	56568
21565,21566	56569,56570
21567	56571
21568	56572
21569,21570	56573,56574,56575
21571	60035
21572	56576
21573	56577
21574	56578
21575	56579
48570	56580
48571,48572	56581
21577	56582
21578	56583
21579	56584
21580	56585
21581	56586
21582	56587
21583	56588
21584	56589
21585	
	56590
21586	56591
21587	56592,56593
48573	
48574	
	56594
21589	56595
21590	56596
21591	56597
21592	56598
21593	56599
21594	56600
21595	56601
48575,48576	56602
21597,21598	56603,56604
21599	56605
48577,48578	56606
21601	56607
	56608
21602,21603	56609
21604	56610
21605	56611
21606	56612
21607	56613
21608	56614
21609	56615
21610	56616
21611	60044
21612	56618
21613	56619
21614	56620
21615	56621
21616	56622
21617	60045
21618	56624
21619	56625
21620	56626
21621	56627
21622	56628
21623	56629
21624	56630
21625	56631
21626	56632
21627	56633
21628	56634
21629	60046
21630	56636
21631	56637
21632	56638
21633	56639
21634	56640
21635	56641
21636	56642
21637	56643
21638	56644
48579,48580	60047
21640	60048
21641	56647
21642	56648
21643	56649
21644	56650
	56651
21645	60049
21646	56652
21647	56653
21648	56654
21649	56655
21650	56656
48581,48582	56657,60050
21652	56658
21653	56659
21654	56660
21655	56661
21656	56662
21657	60051
21658,21659	56664
21660	56666
21661	56667
21662	56668
21663	56669
21664	56670
21665	56671
21666	56672
21667	56673
21668	56674
21669	56675
21670	56676
21671	56677
21672	
21673	
21674	
21675	56678
21676	56679
21677	56680
21678	56681,60052
	60053
	60054
21679	56682
21680	56683
21681	56684
21682	56685
21683	56686
21684	56687
21685	56688
21686	56689
21687	56690
21688	56691
21689	56692
21690	56693
21691	56694
21692	56695
21693	56696
21694	56697
21695	60055
21696	56699
21697	56700
21698	56701
21699	56703
21700	56704
21701	60056
21702,21703	56705,56706
21704	56707
21705	56708
21706,21707	56709,56710,56711
58326	60057
21708	56712
21709	56713,60058
21710	56714
21711	56715
21712,21713	56716
21714,21715	56717,56718,60059
21716	56719
21717	56720
21718	56721
21719	56722
21720	56724
21721	60060
21722	56725
21723	56726
21724	56727
21725	56728
21726	56729
21727	56730
21728	56731
21729	56732
21730,21731	56733,56734
21732	56735
21733	56736
21734	56737
21735	56738
21736,21737	56739,56740
21738	56741
21739	56742
21740	56743
21741	56744
21742,21743	56745,56746
21744,21745	56747,56748
60061,21746,21747	56749
21748	56751
	60063
21749	56752
48583,48584	56753
21751	56754
21752	56755
21753,48585	56756
48586	56757
21755	56758
21756	56759
21757	56760
21758	56761
21759	56762
21760	56763
48587,48588	56764
21762	56765,60065
21763	56766
21764	56767
21765	56768
21766	56769,56770
21767	60066
21768	56772
48589	60067
48590	56773
21770	60069
21771	56774
21772	56775
21773	56776
21774	56777
48591,48592	56778
21776	56779
21777	56780
21778	56781
48593	56782
48594	60070
21780	56783
21781	56784
21782	56785
21783	60071
21784	56787
21785	56788
21786	56789
21787	56790
21788	56791
	60072
48595,48596,21790	56792,56793
21791,21792	56794,56795
21793	56796
48597	56797
48598	60075
	56798
21795	60076
21796	56799
21797	56800
21798	56801
21799	56802
21800	56803
21801	56804
21802	56805
21803	56806,60077
48599	56807
48600	60079,60080
	60078
21805	56808
48601	56809,60081
48602	60082
21807	56810
21808	56811,62741
48603	
48604	
	56812
48605,48606	56813
21811	56814
21812	56815
21813	56816
21814	56817
21815	56819
48607,58333	56820
21817	56821
21818	56822
21819	56823
21820	56824
21821	56825
21822	56826
21823	62742
21824,21825	56827,62743
21826	56829
21827	
21828	56830,56831
21829	56832,56833
21830,21831	56834,56835
48609,48610	56836
48611,48612	56837
21834	56838
21835	56839
21836	56840
21837	56841
21838	56842
21839	56843
21840	56844
21841	56845
21842,21843,21844	56846,62744,56848
21845	56849
21846	56850
21847	56851
21848	56852
21849	56853
	62745
	62746
	62747
21850	56854
21851	56855
21852	56856
21853	56857
21854	56858
	62748
21855	56859
21856	62749
21857	56861
21858	56862
21859	56863
21860	56864
21861	56865
21862	56866
21863	56867
21864	56868
21865	56869
21866	56870
21867	56871
	62751
21868	58780
21869	62784
48613	62785
48614	62786
21871	58781
48615	58782
48616	62788
21873	58783
21874	58784
21875	62789
21876	62790
21877	58785
21878	58786
21879	58789
21880	
21881	
21882	
21883	
21884	
57056	
21885	
21886	
21887	
21888	
21889	
64266	
21890	
21891	
21892	
21893	
21894	
21895	
21896	
21897	
21898	
21899	
21900	
21901	
21902	
21903	
21904	
21905	
21906	
21907	
21908	
21909	
21910	
62993	
21911	
21912	
21913	
21914	
21915	
21916	
21917	
58760	
21918	
21919	
21920	
21921	
21922	
21923	
21924	
21925	
21926	
21927	
21928	
21929	
21930	
21931	
21932	
21933	
21934	
21935	
21936	
48617	
48618	
21938	
48619	
48620	
21940	
21941	
21942	
21943	
21944	
21945	
21946	
21947	
21948	58832
21949	
21950	
21951	
21952	
21953	
48621	
48622	
21955	
21956	
21957	
21958	
48623	
48624	
21960	
21961	
21962	
21963	
21964	
21965	
21966	
21967	
21968	
21969	
21970	
21971	
21972	
21973	
21974	
21975	
21976	
21977	
21978	
21979	
21980	
21981	
21982	
21983	
48625	
48626	
21985	
21986	
21987	
21988	
21989	
21990	
21991	
21992	
21993	
21994	
21995	
21996	
21997	
21998	
21999	
22000	
22001	
22002	
48627	
48628	
22004	
22005	
22006	
22007	
48629	
48630	
22009	
22010	
22011	
22012	
22013	
22014	
22015	
22016	
22017	
22018	
22019	
22020	
22021	
22022	
22023	
22024	
22025	
22026	
22027	
22028	
22029	
22030	
22031	
22032	
22033	
22034	
22035	
22036	
22037	
22038	
22039	
22040	
22041	
22042	
22043	
22044	
22045	
22046	
22047	
22048	
22049	
22050	
22051	
22052	
47267	58892
22053	
22054	
22055	
22056	
22057	
22058	
48631	
48632	
22060	
22061	
22062	
22063	
22064	
22066	
22067	
22068	
22069	
22070	
22071	
22072	
22073	
22074	
22075	
22076	
22077	
22078	
22079	
22080	
59955	
22081	
22082	
22083	
22084	
22085	
22086	
22087	
22088	
48633	
48634	
22090	
22091	
22092	
22093	
22094	
22095	
22096	
22097	
22098	
22099	
63005	
22101	
22102	
22103	
22104	
22105	
22106	
22107	
22108	
48635	
48636	
22110	
22111	
22112	
48637	
48638	
22114	
22115	
22116	
22117	
22118	
59956	
22119	
22120	
48639	
48640	
59957	
22122	
22123	
22124	
22125	
22126	
22127	
22128	
22129	
22130	
22131	
22132	
22133	
22134	
22135	
22136	
22137	
22138	
22139	
22140	
22141	
22142	
22143	
22144	
22145	
22146	
22147,22148	63177
22149	
22150	
22151	
22152	
22153	
22154	
22155	
48641	
48642	
22157	
22158	
22159	
22160	
22161	
22162	
22163	
22164	
22165	
22166	
22167	
22168	
22169	
22170	
22171	
22172	
22173	
22174	
22175	
22176	
22177	
48643	
48644	
22179	
22180	
22181	
22182	
22183	
22184	
22185	
22186	
22187	
22188	
59959	
22189	
48645	
48646	
22191	
22192	
22193	
48647	
48648	
22195	
22196	
22197	
22198	
22199	
22200	
22201	
22202	
22203	
22204	
22205	
22206	
22207	
22208	
22209	
22210	
22211	
22212	
22213	
22214	
22215	
22216	
22217	
22218	
48649	
48650	
22220	
22221	
22222	
22223	
22224	
22225	
22226	
22227	
22228	
22229	
22230	
22231	
62870	
22232	
22233	
48651	
48652	
22235	
22236	
48653	
48654	
22238	
22239	
22240	
22241	
22242	
22243	
22244	
48655	
48656	
22246	
22247	
22248	
22249	
22250	
22251	
22252	
22253	
22254	
22255	
22256	
22257	
48657	
48658	
22259	
22260	
22261	
22262	
22263	
22264	
22265	
22266	
22267	
22268	
22269	
48659	
48660	
22271	
22272	
22273	
22274	
22275	
22276	
22277	
22278	
22279	
59982	
48661	
48662	
22281	
22282	
22283	
22284	
22285	
22286	
22287	
22288	
22289	
48663	
48664	
22291	
22292	
22293	
22294	
22295	
22296	
22297	
22298	
22299	
22300	
22301	
22302	
22303	
48665	
48666	
22305	
22306	
22307	
22308	
22309	
22310	
22311	
22312	
22313	
22314	
22315	
22316	
22317	
22318	
22319	
22320	
22321	
22322	
22323	
22324	
22325	
22326	
22327	
22328	
22329	
22330	
48667	
48668	
48669	
48670	
22333	
22334	
22335	
22336	
22337	
22338	
22339	
22340	
22341	
22342	
22343	
22344	
22345	
22346	
22347	
22348	
22349	
22350	
22351	
22352	
22353	
22354	
22355	
22356	
22357	
22358	
22359	
22360	
22362	
22363	
22364	
22365	
22366	
59985	
22367	
22368	
22369	
22370	
22371	
22372	
22373	
22374	
22375	
22376	
22377	
22378	
22379	
22380	
22381	
22382	
22383	
22384	
22385	
22386	
22387	
22388	
22389	
22390	
22391	
22392	
22393	
22394	
22395	
22396	
22397	
22398	
22399	
48671	
48672	
22401	
22402	
22403	
22404	
22405	
22406	
22407	
22408	
22409	
22410	
22411	
22417	
22418	
22419	
22420	
22421	
22438	
22439	
22440	
22441	
22442	
22443	
22444	
22445	
22446	
22447	
22448	
22449	
22450	
22451	
22452	
22453	
22454	
22455	
22456	
22457	
22458	
22459	
48673	
48674	
22461	
48675	
48676	
22463	
22464	
22465	
22466	
22467	
22468	
22469	
22470	
22471	
22472	
22473	
22474	
22475	
22476	
22477	
22478	
22479	
48677	
48678	
48679	
48680	
22482	
22483	
22484	
22485	
22486	
22487	
22488	
22489	
22490	
22491	
22492	
22493	
22494	
22495	
22496	
22497	
22498	
22499	
22500	
64188	
22501	
22502	
22503	
22504	
22505	
22506	
22507	
22508	
22509	
22510	
22511	
22512	
22513	
22514	
22515	
22516	
22517	
48681	
48682	
22519	
22520	
22521	
22522	
22523	
22524	
22525	
22526	
22527	
22528	
22529	
22530	
22531	
22532	
22533	
22534	
22535	
22536	
22537	
22538	
48683	
48684	
22540	
22541	
22542	
22543	
22544	
22545	
22546	
22547	
22548	
48685	
64189	
59991	
48686	
22550	
22551	
22552	
22553	
22554	
22555	
48687	
48688	
22557	
22558	
22559	
22560	
22561	
22562	
22563	
22564	
22565	
22566	
22567	
22568	
22569	
22570	
22571	
22572	
22573	
22574	
22575	
63069	
22576	
22577	
22578	
22579	
59992	
22580	
22581	
22582	
22583	
22584	
22585	
22586	
22587	
22588	
22589	
22590	
22591	
22592	
22593	
22594	
22595	
22596	
22597	
22598	
22599	
22600	
22601	
22602	
22603	
48689	
48690	
48691	
22605	
22606	
22607	
63051	
63052	
22608	
22609	
22610	
22611	
22612	
22613	
22614	
22615	
22616	
22617	
22618	
22619	
22620	
22621	
48692	
48693	
48694	
48695	
22624	
22625	
22626	
22627	
22628	
22629	
22630	
22631	
22632	
22633	
22634	
22635	
22636	
22637	
22638	
22639	
22640	
22641	
22642	
22643	
22644	
22645	
22646	
22647	
64191	
22648	
48696	
48697	
22650	
22651	
22652	
22653	
22654	
22655	
22656	
22657	
22658	
22659	
22660	
22661	
22662	
22663	
22664	
22665	
22666	
22667	
22668	
22669	
22670	
22671	
22672	
22673	
22674	
22675	
22676	
22677	
22678	
22679	
22680	
22681	
22682	
22683	
22684	
22685	
22686	
22687	
22688	
22689	
22690	
22691	
22692	
22693	
22694	
48698	
48699	
22696	
22697	
22698	
22699	
22700	
22701	
22702	
63107	
22705	
22706	
22707	
22708	
48700	
60007	
22710	
22711	
22712	
22713	
22714	
22715	
22716	
22717	
22718	
22719	
22720	
22721	
22722	
22723	
22724	
22725	
22726	
22727	
22728	
22729	
48702	
48703	
22731	
22732	
22733	
22734	
22735	
22736	
22737	
22738	
22739	
22740	
22741	
22742	
22743	
22744	
22745	
22746	
22747	
22748	
22749	
22750	
22751	
22752	
22753	
22754	
22755	
22756	
22757	
22758	
22759	
22760	
22761	
22762	
22763	
22764	
22765	
22766	
22767	
22768	
22769	
22770	
22771	
22772	
22773	
22774	
22775	
22776	
22777	
22778	
22779	
22780	
22781	
22782	
22783	
22784	
22785	
22786	
22787	
22788	
22789	
22790	
22791	
22792	
22793	
22794	
22795	
22796	
22797	
22798	
22799	
22800	
22801	
22802	
22803	
22804	
22805	
22806	
48704	
48705	
22808	
22809	
48706	
48707	
22811	
22812	
22813	
48708	
48709	
22815	
22816	
22817	
22818	
22819	
22820	
22821	
22822	
22823	
22824	
22825	
22826	
22827	
22828	
22829	
22830	
22831	
48710	
48711	
22833	
22834	
48712	
48713	
22836	
22837	
22838	
22839	
22840	
22841	
22842	
22843	
22844	
22845	
22846	
22847	
22848	
22849	
22850	
22851	
22852	
22853	
48714	
48715	
22855	
22856	
22857	
22858	
22859	
22860	
22861	
22862	
22863	
22864	
22865	
22866	
22867	
22868	
22869	
22870	
22871	
22872	
22873	
22874	
22875	
22876	
22877	
22878	
22879	
22880	
22881	
22882	
22883	
22884	
22885	
22886	
48716	
48717	
22888	
22889	
22890	
22891	
22892	
22893	
22894	
22895	
22896	
22897	
22898	
63141	
22899	
22900	
22901	
22902	
60018	
22903	
22904	
22905	
48718	
48719	
22907	
22908	
22909	
22910	
22911	
22912	
48720	
48721	
48722	
22914	
22915	
22916	
22917	
22918	
22919	
22920	
22921	
48723	
48724	
22923	
22924	
22925	
22926	
22927	
22928	
22929	
22930	
22931	
22932	
22933	
22934	
22935	
22936	
22937	
22938	
22939	
22940	
22941	
48725	
48726	
22943	
22944	
22945	
22946	
22947	
48727	
48728	
22949	
22950	
22951	
22952	
22954	
22955	
22956	
22957	
22958	
22959	
22960	
22961	
22962	
22963	
22964	
22965	
22966	
22967	
22968	
22969	
22970	
22971	
22972	
22973	
22974	
48729	
48730	
22976	
22977	
22978	
22979	
22980	
22981	
48731	
48732	
22983	
22984	
22985	
22986	
22987	
22988	
22989	
22990	
22991	
22992	
22993	
22994	
22995	
48733	
48734	
22997	
22998	
22999	
23000	
23001	
23002	
23003	
23004	
63182	
48735	
48736	
23006	
23007	
23008	
23009	
23010	
48737	
48738	
23012	
23013	
23014	
23015	
23016	
23017	
23018	
23019	
23020	
23021	
23022	
23023	
23024	
23025	
23026	
23027	
23028	
23029	
23030	
23031	
23032	
23033	
23034	
23035	
23036	
23037	
23038	
23039	
23040	
63226	
23041	
23042	
23043	
23044	
23045	
23046	
23047	
23048	
23049	
23050	
23051	
48739	
48740	
23053	
23054	
23055	
23059	
23060	
23061	
23062	
23063	
23064	
23065	
23066	
23067	
63467	
23070	
23071	
23072	
23073	
48741	
48742	
48743	
48744	
23076	
23077	
23078	
23079	
23080	
23081	
48745	
48746	
23083	
23084	
23085	
23086	
23087	
23088	
23089	
23090	
23091	
23092	
23093	
23094	
23095	
23096	
23097	
23098	
23099	
23100	
48747	
48748	
23102	
23103	
23104	
23105	
23106	
23107	
23108	
23109	
23110	
23111	
23112	
23113	
63468	
23114	
23115	
23116	
23117	
23118	
23119	
23120	
23121	
23122	
23123	
23124	
23125	
23126	
23127	
23128	
48749	
48750	
23130	
23131	
23132	
23133	
23134	
23135	
48751	
48752	
23137	
23138	
23139	
23140	
23142	
23143	
23144	
23145	
23146	
23147	
23148	
23149	
60028	
23150	
23151	
23152	
23153	
23154	
23155	
23156	
23157	
23158	
48755	
48756	
23160	
48757	
48758	
23162	
23163	
23164	
23165	
23166	
23167	59775
23168	
23169	
23170	
23171	
23172	
23173	
23174	
23175	
23176	
23177	
23178	
23179	
23180	
23181	
23182	
23183	
23184	
23185	
23186	
23187	
23188	
23189	
23190	
23191	
23192	
23193	
23194	
23195	
23196	
23197	
23198	
23199	
23200	
23201	
23202	
23203	
23204	
23205	
23206	
23207	
23208	
23209	
23210	
23211	
23212	
23213	
23214	
23215	
23216	
23217	
23218	
23219	
23220	
23221	
23222	
23223	
23224	
23225	
23226	
23227	
23228	
23229	
23230	
23231	
23232	
23233	
23234	
23235	
23236	
48759	
48760	
23238	
48761	
48762	
23240	
23241	
23242	
23243	
23244	
23245	
23246	
23247	
23248	
23249	
23250	
23251	
23252	
23253	
23254	
23255	
48763	
48764	
23257	
23258	
23259	
48765	
48766	
48767	
23261	
23262	
23263	
23264	
23265	
23266	
23267	
23268	
60030	
23269	
23270	
23271	
23272	
23274	
23275	
23276	
23277	
23278	
23279	
23280	
23281	
23282	
23283	
23284	
23285	
23286	
23287	
23288	
23289	
23290	
23291	
23292	
23293	
23294	
48768	
48769	
23296	
23297	
23298	
23299	
23300	
23301	
23302	
23303	
23304	
23305	
23306	
23307	
23308	
23309	
23310	
23311	
23312	
23313	
23314	
23315	
48770	
48771	
23317	
23318	
23319	
23320	
23321	
23322	
23323	
23324	
23325	
60037	
23326	
23327	
23328	
23329	
23330	
23331	
23332	
23333	
23334	
23335	
60038	
23336	
23337	
23338	
23339	
23340	
23341	
23342	
23343	
23344	
23345	
23346	
23347	
23348	
23349	
23350	
23351	
23352	
23353	
23354	
23355	
23356	
23357	
23358	
23359	
23360	
23361	
23362	
23363	
23364	
23365	
23366	
23367	
23368	
23369	
23370	
23371	
23372	
23373	
23374	
23375	
23376	
23377	
23378	
23379	
23380	
23381	
23382	
23383	
23384	
23385	
23386	
23387	
23388	
23389	
48772	
48773	
23391	
23392	
23393	
23394	
23395	
23396	
23397	
23398	
23401	
23402	
48774	
48775	
23404	
23405	
23406	
23407	
23408	
23409	
23410	
23411	
23412	
23413	
23414	
23415	
23416	
23417	
23418	
48776	
48777	
23420	
23421	
48778	
48779	
23423	
23424	
23425	
23426	
23427	
23428	
23429	
23430	
23431	
23432	
23433	
23434	
23435	
23436	
23437	
24978	
24979	
24980	
24981	
57057	
24982	
24983	
24984	
64016	
24985	
24986	
24987	
24988	
24989	
24990	
24991	
24992	
64185	
64184	
64204	
24993	
24994	
48828	
48829	
24996	
24997	
48830	
48831	
24999	
25000	
25001	
25002	
25003	
25004	
25005	
74659	
25006	
25007	
25008	
74660	
25009	
25010	
74661	
25011	
74662	
74663	
74664	
25012	
25013	
25014	
25015	
25016	
74667	
25017	
25018	
25019	
74668	
25020	
25021	
25022	
74671	
25023	
25024	
25025	
25026	
25027	
74688	
74689	
74690	
25028	
25029	
25030	
25031	
25032	
25033	
74691	
25034	
25035	
25036	
25037	
25038	
25039	
25040	
25041	
25042	
25043	
25044	
25045	
25046	
25047	
25048	
25049	
25050	
25051	
25052	
25053	
25054	
25055	
74735	
25056	
25057	
25058	
25059	
25060	
25061	
25062	
74736	
25063	
25064	
74737	
25065	
25066	
74738	
25067	
25068	
25069	
25070	
25071	
74739	
25072	
74740	
25073	
25074	
25075	
25076	
25077	
74741	
25078	
25079	
25080	
25081	
25082	
25083	
25084	
25085	
25086	
25087	
74774	
74775	
25088	
25089	
25090	
25091	
25092	
25093	
25094	
25095	
25096	
25097	
25098	
25099	
25100	
25101	
25102	
25103	
25104	
25105	
25106	
25107	
48832	
48833	
48834	
48835	
48836	
48837	
25111	
25112	
25113	
25114	
25115	
25116	
25117	
25118	
25119	
25120	
48838	
48839	
25122	
25123	
48840	
48841	
74851	
48842	
25125	
25126	
74853	
48843	
48844	
25128	
48845	
48846	
25130	
48847	
48848	
25132	
25133	
25134	
25135	
48849	
48850	
48851	
25137	
25138	
25139	
25140	
48852	
48853	
25142	
25143	
25144	
25145	
25146	
25147	
48854	
48855	
25149	
25150	
25151	
48856	
48857	
25153	
25154	
25155	
74854	
48858	
48859	
48860	
25157	
25158	
25159	
25160	
48861	
48862	
48863	
48864	
58621	
25163	
25164	
25165	
25166	
25167	
25168	
25169	
25170	
25171	
25172	
25173	
25174	
25175	
25176	
25177	
25178	
25179	
25180	
48865	
48866	
25182	
25183	
48867	
48868	
48869	
48870	
25186	
48871	
48872	
25188	
25189	
25190	
25191	
48873	
48874	
25193	
48875	
48876	
48877	
25195	
25196	
25197	
25199	
48878	
48879	
48880	
25202	
25203	
25204	
48882	
74877	
48883	
25206	
25207	
25208	
25209	
25210	
48884	
48885	
48886	
25212	
25213	
25214	
74880	
25215	
25216	
25217	
48887	
48888	
25219	
25220	
48889	
48890	
25222	
25223	
25224	
25225	
25226	
25227	
25228	
48891	
48892	
25230	
25231	
25232	
48893	
48894	
25234	
48895	
48896	
25236	
25237	
48897	
48898	
25239	
48899	
48900	
25241	
48901	
48902	
48903	
48904	
48905	
48906	
25245	
25246	
48907	
48908	
48909	
48910	
25249	
25250	
25251	
25252	
48911	
48912	
48913	
48914	
25255	
25256	
48915	
48916	
25258	
25259	
25260	
25261	
25262	
25263	
48917	
48918	
48919	
25266	
25267	
25268	
25269	
25270	
25271	
25272	
25273	
25274	
48920	
48921	
48922	
25276	
25277	
25278	
25279	
25280	
25281	
48923	
48924	
25283	
25284	
25285	
25286	
48925	
48926	
48927	
48928	
25289	
25290	
25291	
25292	
48929	
48930	
25294	
25295	
25296	
48931	
48932	
25298	
48933	
48934	
25300	
25301	
25302	
25303	
25304	
25305	
25306	
25307	
48935	
48936	
25309	
25310	
25311	
25312	
25313	
48937	
48938	
25315	
25316	
25317	
25318	
25319	
25320	
25321	
48939	
48940	
25323	
25324	
48941	
48942	
25326	
48943	
48944	
25328	
25329	
25330	
74909	
48945	
48946	
48947	
48948	
25333	
25334	
25335	
25336	
25337	
25338	
48949	
48950	
48951	
48952	
48954	
48955	
25342	
25343	
48956	
48957	
25345	
48958	
48959	
25347	
48960	
48961	
25349	
25350	
25351	
25352	
25353	
48962	
48963	
25355	
48964	
48965	
48966	
25357	
25358	
48967	
48968	
48969	
48970	
48971	
25361	
25362	
48972	
48973	
25364	
25365	
25366	
25367	
25368	
25369	
74913	
25370	
74914	
25371	
25372	
25373	
25374	
25375	
25376	
48974	
48975	
25378	
25379	
25380	
25381	
74925	
48976	
48977	
25383	
48978	
48979	
48980	
48981	
48982	
48983	
25387	
25388	
25389	
25390	
48984	
48985	
25392	
48986	
48987	
48988	
25394	
48989	
48990	
25396	
25397	
48991	
48992	
25399	
25400	
25401	
25402	
25403	
74928	
25404	
25405	
25406	
25407	
25408	
25409	
25410	
25411	
25412	
25413	
48993	
48994	
25415	
48995	
48996	
25417	
48997	
48998	
25419	
48999	
49000	
49001	
49002	
25422	
49003	
49004	
25424	
25425	
49005	
49006	
49007	
49008	
25428	
49009	
49010	
25430	
25431	
49011	
49012	
49013	
25433	
49014	
25435	
25436	
25437	
25438	
49016	
49017	
25440	
25441	
25442	
25443	
49018	
49019	
25445	
25446	
25447	
25448	
25449	
25450	
49020	
49021	
25452	
25453	
25454	
25455	
25456	
25457	
49022	
49023	
25459	
25460	
25461	
25462	
25463	
49024	
49025	
25465	
25466	
25467	
25468	
25469	
25470	
25471	
25472	
25473	
25474	
74938	
49026	
49027	
25476	
74940	
49028	
49029	
49030	
49031	
49032	
49033	
49034	
49036	
25481	
25482	
25483	
25484	
25485	
25486	
49037	
49039	
49040	
25489	
25490	
25491	
49041	
49042	
25493	
25494	
25495	
25496	
74941	
74942	
25497	
25498	
25499	
25500	
25501	
49043	
49044	
25503	
25504	
49045	
49046	
25506	
25507	
25508	
25509	
25510	
25511	
25512	
25513	
75067	
25514	
25515	
25516	
25517	
25518	
25519	
75068	
25520	
25521	
49047	
49048	
25523	
75070	
25524	
49049	
49050	
25526	
25527	
25528	
25529	
49051	
49052	
25531	
49053	
75076	
49054	
49055	
25533	
25534	
49056	
75078	
49057	
25536	
25537	
25538	
25539	
25540	
25541	
25542	
25543	
25544	
25545	
49058	
49059	
25547	
25548	
25549	
49060	
49061	
25551	
25552	
49062	
49063	
25554	
25555	
25556	
25557	
25558	
49064	
49065	
49066	
25560	
25561	
25562	
25563	
25564	
49067	
49068	
25566	
25567	
49069	
49070	
25569	
25570	
25571	
25572	
25573	
25574	
25575	
25576	
49071	
49072	
49073	
49074	
25579	
49075	
49076	
49077	
49078	
49079	
25582	
25583	
25584	
49080	
49081	
49082	
49083	
25587	
75079	
25588	
49084	
49085	
25590	
25591	
25592	
25593	
25594	
25595	
25596	
75080	
25597	
25598	
25599	
75092	
25600	
25601	
25602	
25603	
25604	
25605	
25606	
25607	
25608	
25609	
25610	
25611	
25612	
49086	
49087	
75093	
25614	
25615	
25616	
25617	
25618	
25619	
25620	
25621	
75106	
25622	
25623	
25624	
49088	
75405	
49089	
25626	
25627	
49090	
49091	
49092	
25629	
25630	
25631	
25632	
25633	
49093	
49094	
25635	
49095	
49096	
25637	
25638	
25639	
25640	
49097	
49098	
25642	
25643	
49099	
49100	
25645	
25646	
25647	
25648	
25649	
49101	
49102	
49103	
49104	
25652	
25654	
25655	
25656	
25657	
25658	
25659	
25660	
25661	
49107	
49108	
49109	
49110	
49111	
25664	
25665	
49112	
49113	
25667	
25668	
49114	
49115	
25670	
25671	
25672	
25673	
25674	
49116	
49117	
25676	
49118	
49119	
49120	
25678	
25679	
25680	
25681	
25682	
25683	
75428	
25684	
25685	
49121	
49122	
25687	
49123	
49124	
49125	
49126	
25690	
25691	
49127	
49128	
25693	
25694	
25695	
25696	
49129	
49130	
25698	
25699	
25700	
25701	
25702	
25703	
25704	
25705	
49131	
49132	
25707	
25708	
25709	
49133	
49134	
25711	
25712	
49135	
49136	
49137	
25714	
25715	
25716	
25717	
25718	
49138	
49139	
49140	
49141	
49142	
25721	
49143	
49144	
25723	
25724	
25725	
25726	
49145	
49146	
25728	
25729	
25730	
25731	
25732	
25733	
25734	
25735	
25736	
25737	
25738	
25739	
25740	
25741	
25742	
25743	
49147	
49148	
25745	
25746	
25747	
25748	
25749	
25750	
25751	
25752	
25753	
25754	
49149	
49150	
25756	
25757	
25758	
49151	
25760	
49153	
49154	
49155	
25762	
25763	
25764	
25765	
25766	
25767	
25768	
25769	
25770	
49156	
49157	
49158	
49159	
25773	
25774	
25775	
25776	
25777	
25778	
25779	
49160	
49161	
49162	
25781	
25782	
25783	
25784	
25785	
49163	
49164	
49165	
49166	
25788	
25789	
49167	
49168	
25791	
25792	
25793	
25794	
49169	
49170	
49171	
49172	
49173	
49174	
49175	
49176	
49177	
49178	
49179	
49180	
49181	
25801	
25802	
25803	
25804	
49182	
49183	
25806	
25807	
49184	
49185	
49186	
49187	
25810	
49188	
49189	
49190	
49191	
49192	
25813	
25814	
25815	
25816	
25817	
25818	
25819	
49193	
49194	
25821	
25822	
25823	
25824	
25825	
25826	
25827	
25828	
49195	
49196	
25830	
25831	
25832	
25833	
49197	
49198	
49199	
49200	
25836	
49201	
49202	
25838	
25839	
49203	
49204	
49205	
49206	
49207	
49208	
25843	
25844	
25845	
25846	
25847	
49209	
49210	
25849	
25850	
25851	
49211	
49212	
49213	
49214	
49215	
49216	
49217	
25855	
25856	
25857	
25858	
49218	
49219	
49220	
25860	
25861	
25862	
25863	
25864	
25865	
25866	
25867	
25868	
25870	
49221	
49222	
25872	
49223	
25874	
49225	
49226	
25876	
25877	
25878	
25879	
25880	
49227	
25882	
49229	
49230	
49231	
25884	
25885	
25886	
25887	
49232	
49233	
25889	
25890	
25891	
25892	
122775	
49234	
49235	
25894	
49236	
25896	
25897	
25898	
25899	
49238	
49239	
49240	
25901	
49241	
49242	
25903	
25904	
49243	
49244	
25906	
25907	
49245	
49246	
25909	
25910	
25911	
25912	
49247	
49248	
25914	
25915	
25916	
25917	
25918	
49249	
49250	
25920	
25921	
25922	
25923	
25924	
25925	
49251	
49252	
49253	
49254	
25927	
49255	
49256	
25929	
49257	
49258	
49259	
49260	
25932	
25933	
25934	
25935	
25936	
25937	
25938	
25939	
25940	
25941	
25942	
49261	
49262	
25944	
25945	
49263	
49264	
49265	
49266	
25948	
25949	
25950	
25951	
25952	
49267	
49268	
49269	
49270	
25955	
49271	
49272	
49273	
49274	
25958	
25959	
25960	
25961	
25962	
25963	
25964	
25965	
25966	
25967	
25968	
25969	
25970	
25971	
25972	
25973	
25974	
25975	
25976	
25977	
49275	
49276	
25979	
25980	
25981	
25982	
25983	
25984	
49277	
49278	
25986	
25987	
25988	
25989	
25990	
49279	
49280	
25992	
49281	
49282	
25994	
49283	
49284	
25996	
25997	
49285	
49286	
25999	
49287	
49288	
26001	
26002	
26003	
26004	
26005	
26006	
26007	
26008	
26009	
26010	
49289	
26012	
26013	
26014	
26015	
26016	
26017	
26018	
49291	
49292	
49293	
49294	
26021	
49295	
49296	
49297	
49298	
49299	
26024	
26025	
26026	
26027	
26028	
26030	
26031	
26032	
26033	
26034	
26035	
26036	
26037	
49300	
49301	
49302	
63976	
49303	
26040	
26041	
26042	
26043	
26044	
26045	
26046	
26047	
26048	
26049	
26050	
26051	
26052	
63977	
26053	
26054	
26055	
26056	
63979	
63980	
26058	
26059	
26060	
49304	
49306	
26063	
26064	
26065	
63981	
26066	
26068	
26069	
26070	
26071	
26072	
26073	
26074	
26075	
26076	
26077	
26078	
26079	
26080	
26081	
26082	
26083	
26084	
26085	
63985	
63983	
63984	
26086	
26087	
26088	
26089	
26090	
26091	
26092	
63986	
26093	
26094	
26095	
26096	
63987	
63988	
63989	
63990	
63991	
26097	
63992	
26098	
63993	
26099	
63997	
63995	
63996	
26100	
63998	
63999	
26101	
26102	
26103	
64000	
26104	
64001	
26105	
26106	
26107	
26108	
26109	
26110	
26111	
26112	
26113	
26114	
26115	
26116	
26117	
26118	
26119	
26120	
26121	
26122	
26123	
26124	
26125	
64003	
26126	
26127	
26128	
26129	
26130	
26131	
26132	
26133	
26134	
26135	
26136	
26137	
64004	
64005	
64007	
64006	
64008	
26139	
26140	
26141	
26142	
26143	
26144	
26145	
64015	
26146	
26147	
26148	
26149	
26150	
26151	
26152	
56887	
56888	
26153	
26154	
26155	
26156	
26157	
64017	
26158	
26159	
26160	
26161	
26162	
26163	
26164	
26165	
26166	
26167	
26168	
26169	
26171	
26172	
26174	
26175	
26176	
26177	
26178	
56899	
26179	
26180	
26181	
26182	
26183	
26184	
26185	
26186	
26187	
26188	
26189	
64018	
26190	
64019	
26191	
26192	
26193	
26194	
26195	
26196	
26197	
26198	
26199	
26200	
26201	
26202	
56901	
26203	
26204	
26205	
26206	
26207	
26208	
26209	
26210	
26211	
26213	
26214	
26215	
26216	
26217	
26218	
26219	
26220	
26221	
26222	
26223	
26224	
63425	
26225	
26226	
26227	
26228	
26229	
26230	
26231	
26232	
63437	
26233	
63438	
63439	
56902	
26235	
26236	
26237	
26238	
26239	
26240	
26241	
63440	
26242	
26243	
63443	
26244	
26245	
26247	
26248	
26249	
63441	
26250	
26251	
26252	
26253	
26254	
26255	
26256	
26257	
26258	
26259	
63442	
26261	
26262	
26263	
26264	
26265	
26266	
26267	
26268	
26269	
26270	
26271	
26273	
56905	
56906	
26274	
26275	
26276	
26277	
26278	
26279	
26280	
26281	
26282	
26283	
56914	
26284	
26285	
63454	
56915	
63455	
26286	
26287	
26288	
26289	
26290	
26291	
26292	
56916	
26293	
63453	
26294	
56917	
26295	
26296	
26297	
56918	
26298	
26299	
63456	
56919	
26301	
56921	
56922	
26302	
56923	
26303	
26304	
26305	
26306	
26307	
63909	
26308	
26309	
26310	
63910	
26311	
26312	
26313	
26314	
26315	
26316	
26317	
56924	
56925	
26318	
26319	
56926	
26320	
26321	
26322	
26323	
63913	
26325	
63914	
26326	
56927	
26327	
56928	
26328	
26329	
26330	
26331	
26332	
26333	
56929	
26334	
26335	
56930	
26336	
63912	
26337	
56932	
26338	
26339	
56931	
26340	
56933	
56934	
26341	
56935	
56936	
26342	
56937	
26343	
56938	
26344	
26345	
26346	
26347	
26348	
63916	
26349	
26350	
26351	
26352	
26353	
26354	
63917	
26355	
63919	
56950	
26356	
26357	
26358	
56951	
26359	
26360	
26361	
26362	
26363	
26364	
26365	
26366	
26367	
26368	
26369	
56966	
26370	
26371	
63920	
26372	
26373	
26374	
26375	
63921	
63930	
26376	
26377	
26378	
26379	
63915	
56967	
56968	
26381	
26382	
63927	
26383	
26384	
26385	
26386	
26387	
26388	
26389	
26390	
63928	
26392	
26393	
26394	
26395	
26396	
26397	
63933	
63934	
63935	
63936	
63937	
26400	
56970	
56971	
26401	
26402	
26403	
56972	
63938	
56974	
56975	
63939	
56977	
56978	
63940	
56980	
26404	
56981	
26405	
63941	
26406	
56982	
26407	
26408	
26409	
26410	
26411	
56983	
56984	
56985	
63942	
26412	
26413	
26414	
26415	
26416	
26417	
63954	
26418	
63955	
26419	
26420	
26421	
26422	
26423	
26424	
26425	
56986	
26426	
26427	
56989	
26428	
56990	
56991	
56992	
56993	
26429	
26430	
26431	
26432	
26433	
26434	
57000	
26435	
63952	
26436	
63953	
26437	
26438	
26439	
26440	
63958	
26441	
63957	
57002	
26442	
26443	
26444	
57003	
26445	
63956	
26446	
26447	
26448	
57004	
26449	
26450	
26451	
57005	
26452	
26453	
26454	
26455	
26456	
26457	
63959	
63960	
63961	
26458	
26459	
26460	
26461	
26462	
26463	
26464	
26465	
26466	
26467	
26468	
26469	
26470	
26471	
26472	
26473	
26474	
26475	
26476	
26477	
26478	
26479	
63965	
26480	
26481	
26482	
26483	
63966	
26484	
26485	
63967	
26486	
63968	
26487	
63969	
26488	
26489	
26490	
26491	
26492	
26493	
26494	
63970	
63971	
26495	
26496	
26498	
26499	
26500	
26501	
26502	
26503	
26504	
26505	
26506	
26507	
63974	
26508	
26509	
26510	
26511	
26512	
26513	
26514	
26515	
26516	
26517	
26518	
26519	
26520	
26521	
26522	
26523	
26524	
26525	
26526	
26527	
26528	
63975	
26529	
26530	
26531	
26532	
26533	
26534	
26535	
26536	
27285	
27286	
27287	
27288	
27289	
49354	
27291	
49356	
49357	
64056	
64057	
64058	
27293	
27294	
27295	
27296	
27297	
27298	
49358	
49359	
49360	
49361	
27301	
27302	
27303	
27304	
27305	
27306	
27307	
27308	
27309	
27310	
27311	
27312	
27313	
49362	
49363	
27315	
49364	
49365	
27317	
27318	
27319	
27320	
27321	
27322	
27323	
27324	
49366	
49367	
49368	
49369	
27327	
27328	
27329	
27330	
27331	
27332	
27333	
27334	
27335	
27336	
27337	
27338	
49370	
49371	
27340	
49372	
49373	
27342	
27343	
49374	
49375	
27345	
27346	
49376	
49377	
27348	
27349	
49378	
49379	
27351	
27352	
27353	
27354	
27355	
27356	
49380	
49381	
49382	
49383	
27359	
49384	
49385	
49386	
49387	
27361	
27362	
27363	
27364	
49388	
49389	
27366	
27367	
27368	
27369	
27370	
27371	
27372	
27373	
27374	
27375	
49390	
49391	
49392	
49393	
49394	
49395	
49396	
49397	
27380	
49398	
49399	
49400	
27382	
27383	
49401	
49402	
49403	
49404	
27386	
27387	
49405	
49406	
27389	
27390	
27391	
27392	
27393	
27394	
27395	
27396	
27397	
27398	
27399	
57037	
57034	
27400	
27401	
27402	
27403	
27404	
27405	
27406	
27407	
27408	
64062	
27409	
27410	
27411	
27412	
27413	
27414	
27415	
27416	
27417	
27418	
27419	
27420	
49407	
49408	
49409	
27422	
27423	
27424	
27425	
27426	
27427	
27428	
27429	
27430	
27431	
27432	
27433	
27434	
49410	
49411	
27436	
27437	
27438	
49412	
49413	
27440	
49414	
49415	
27442	
27443	
27444	
27445	
27446	
27447	
49416	
49417	
27449	
27450	
27451	
27452	
27453	
27454	
27455	
27456	
57038	
27457	
27458	
27459	
27460	
27461	
27462	
27463	
27464	
27465	
27466	
27467	
27468	
27469	
27470	
27471	
27472	
27473	
27474	
27475	
27476	
27477	
49418	
49419	
27479	
27480	
27481	
27482	
27483	
27484	
27485	
49420	
49421	
49422	
49423	
27488	
27489	
27490	
27491	
27492	
27493	
64066	
27494	
27495	
27496	
27497	
27498	
27499	
27500	
27501	
27502	
49424	
49425	
27504	
49426	
49427	
27506	
27507	
27508	
27509	
27510	
27511	
27512	
27513	
27514	
27515	
27516	
27517	
27518	
27519	
27520	
27521	
27522	
27523	
27524	
27525	
27526	
27527	
27528	
27529	
27530	
27531	
27532	
49428	
49429	
27534	
27535	
27536	
27537	
27538	
27539	
27540	
27541	
27542	
49430	
49431	
64067	
27544	
27545	
27546	
27547	
27548	
27549	
27550	
27551	
27552	
27553	
27554	
27555	
27556	
27557	
27558	
27559	
27560	
49432	
49433	
27562	
27563	
49434	
49435	
49436	
49437	
27566	
27567	
49438	
49439	
27569	
27570	
27571	
49440	
49441	
27573	
27574	
27575	
27576	
27577	
27578	
27579	
27580	
27581	
27582	
27583	
27584	
27585	
27586	
27587	
49442	
49443	
27589	
27590	
27591	
27592	
27593	
27594	
27595	
49444	
49445	
27597	
49446	
49447	
27599	
27600	
27601	
27602	
27603	
27604	
49448	
49449	
49450	
27606	
27607	
27608	
27609	
27610	
27611	
27612	
27613	
27614	
27615	
27616	
27617	
27618	
27619	
27620	
27621	
27622	
27623	
27624	
27625	
27626	
49451	
49452	
27628	
27629	
27630	
27631	
27632	
49453	
49454	
27634	
49455	
49456	
27636	
27637	
27638	
27639	
27640	
27641	
27642	
27643	
27644	
27645	
27646	
27647	
27648	
27649	
49457	
49458	
27651	
49459	
49460	
27653	
27654	
64068	
64069	
64070	
64071	
64072	
64073	
64074	
64075	
27655	
27656	
27657	
27658	
27659	
27660	
27661	
27662	
27663	
27664	
27665	
64076	
27666	
49461	
49462	
27668	
27669	
27670	
27671	
27672	
27673	
27674	
27675	
27676	
27677	
27678	
27679	
27680	
27681	
27682	
27683	
27684	
49463	
49464	
49465	
64077	
49467	
49468	
49469	
49470	
49471	
49472	
49473	
49474	
49475	
49476	
49477	
27687	
27688	
27689	
27690	
27691	
27692	
49478	
49479	
49480	
27694	
49481	
49482	
49483	
49484	
27697	
27698	
49485	
49486	
49487	
49488	
49489	
27701	
27702	
27703	
27704	
27705	
27706	
27707	
27708	
27709	
27710	
27711	
27712	
27713	
27714	
49490	
49491	
27716	
49492	
49493	
49494	
49495	
27719	
27720	
49496	
49497	
27722	
49498	
49499	
27724	
49500	
49501	
27726	
27727	
64093	
64094	
27728	
49502	
49503	
49504	
49505	
49506	
27730	
27731	
49507	
49508	
27733	
27734	
27735	
27736	
49509	
49510	
27738	
49511	
49512	
27740	
27741	
27742	
27743	
27744	
27745	
27746	
27747	
27748	
64102	
27749	
27750	
27751	
27752	
27753	
27754	
27755	
27756	
27757	
49513	
49514	
27759	
27760	
27761	
27762	
27763	
27764	
27765	
64103	
64104	
27766	
27767	
27768	
27769	
27770	
27771	
27772	
27773	
27774	
27775	
49515	
49516	
27777	
27778	
49517	
49518	
27780	
49519	
49520	
27782	
27783	
49521	
27785	
27786	
27787	
27788	
64105	
27789	
27790	
27791	
49523	
49524	
49525	
49526	
49527	
49528	
49529	
49530	
27796	
49531	
49532	
27798	
49533	
49534	
49535	
49536	
27801	
27802	
27803	
27804	
49537	
49538	
27806	
27807	
49539	
49540	
27809	
27810	
49541	
49542	
27812	
27813	
27814	
27815	
27816	
27817	
27818	
49543	
49544	
49545	
49546	
27821	
27822	
49547	
49548	
27824	
49549	
49550	
27826	
49551	
49552	
49553	
49554	
49555	
49556	
27829	
27830	
49557	
49558	
27834	
27835	
27836	
27837	
27838	
27839	
27840	
27841	
27842	
27843	
28605	
28606	
28607	
28608	
28609	
28610	
28611	
28612	
28613	
28614	
28615	
49650	
49651	
28617	
28618	
28619	
28620	
28621	
49652	
28623	
28624	
28625	
49654	
49655	
28627	
28628	
28629	
28630	
28631	
28632	
28633	
28634	
28635	
28636	
28637	
28638	
28639	
28640	
57045	
57046	
28641	
28642	
64108	
28643	
28644	
28645	
28646	
28647	
28648	
49656	
49657	
28650	
28651	
28652	
28653	
28654	
28655	
28656	
28657	
28658	
28659	
28660	
28661	
28662	
28663	
49658	
49659	
28665	
28666	
28667	
28668	
49660	
49661	
28670	
28671	
28672	
28673	
49662	
49663	
28675	
49664	
28677	
28678	
49666	
64111	
49667	
28680	
28681	
49668	
49669	
28683	
28684	
28685	
28686	
28687	
28688	
28689	
28690	
28691	
28692	
49670	
49671	
28694	
28695	
49672	
49673	
28697	
49674	
49675	
49676	
49677	
49678	
49679	
28700	
28701	
49680	
49681	
49682	
49683	
28704	
28705	
28706	
28707	
28708	
28709	
28710	
28711	
64116	
28712	
49684	
49685	
28714	
28715	
49686	
49687	
49688	
49689	
49690	
49691	
49692	
49693	
49694	
49695	
49696	
49697	
28721	
28722	
28723	
28724	
28725	
28726	
28727	
28728	
28729	
28730	
28731	
28732	
28733	
28734	
28735	
28736	
49698	
49699	
28738	
28739	
28740	
28741	
28742	
28743	
28744	
28745	
28746	
49700	
49701	
49702	
28749	
64122	
28750	
28751	
28752	
28753	
28754	
49704	
49705	
28756	
28757	
49706	
49707	
49708	
49709	
49710	
64125	
49711	
49712	
49713	
28761	
49714	
64127	
49715	
28763	
49716	
28765	
28766	
28767	
28768	
28769	
49718	
49719	
28771	
28772	
28773	
28774	
49720	
49721	
28776	
28777	
28778	
28779	
28780	
49722	
49723	
28782	
28783	
28784	
28785	
28786	
28787	
28788	
28789	
28790	
28791	
28792	
28793	
28794	
28795	
49724	
49725	
28797	
28798	
49726	
49727	
28800	
28801	
28802	
28803	
28804	
28805	
28806	
28807	
28808	
28809	
28810	
28811	
28812	
28813	
49728	
49729	
28815	
49730	
49731	
49732	
49733	
49734	
28817	
28818	
28819	
28820	
28821	
28822	
28823	
49735	
49736	
49737	
28825	
28826	
49738	
49739	
49740	
49741	
28829	
64130	
28830	
49742	
49743	
28832	
28833	
28834	
28835	
28836	
28837	
28838	
28839	
28840	
28841	
28842	
28843	
49744	
49745	
28845	
28846	
49746	
49747	
28848	
28849	
28850	
28851	
28852	
28853	
28854	
28855	
28856	
28857	
28858	
28859	
28860	
28861	
28862	
28863	
28864	
49748	
49749	
28866	
28867	
28868	
28869	
28870	
28871	
28872	
28873	
49750	
49751	
49752	
49753	
49754	
64134	
28875	
28876	
28877	
29256	
29257	
29258	
29259	
29261	
49794	
49795	
29263	
29264	
29265	
29266	
29267	
29268	
29269	
29270	
29271	
49796	
29273	
49798	
49799	
64020	
64021	
29275	
29276	
29277	
64024	
29278	
29279	
29280	
29281	
49800	
49801	
29283	
29284	
29285	
29286	
29287	
49802	
49803	
29289	
64025	
29290	
29291	
29292	
29293	
29294	
49804	
49805	
29296	
29297	
29298	
29299	
49806	
49807	
29301	
29302	
29303	
29304	
29305	
29306	
29307	
29308	
64027	
29309	
29310	
29311	
29312	
29313	
29314	
29315	
29316	
29317	
29318	
29319	
29320	
29321	
29322	
29323	
29324	
49808	
49809	
29326	
29327	
29328	
29329	
29330	
29331	
29332	
29333	
29334	
49810	
49811	
49812	
29336	
29337	
49813	
49814	
29339	
29340	
29341	
29342	
29343	
29344	
29345	
29346	
29347	
29348	
49815	
49816	
29350	
29351	
29352	
29353	
29354	
29355	
49817	
49818	
49819	
49820	
29358	
29359	
29360	
29361	
29362	
49821	
49822	
29364	
49823	
49824	
29366	
29367	
29368	
29369	
29370	
49825	
49826	
29372	
29373	
29374	
29375	
64033	
29376	
49827	
49828	
29378	
29379	
29380	
29381	
29382	
29383	
29384	
29385	
29386	
29387	
29388	
29389	
29390	
29391	
29392	
49829	
49830	
29394	
64034	
29395	
29396	
29397	
29398	
29399	
29400	
29401	
29402	
29403	
29404	
29405	
29406	
29407	
29408	
49831	
49832	
29410	
49833	
49834	
29412	
29413	
29414	
29415	
29416	
29417	
29418	
29419	
29420	
49835	
49836	
29422	
29423	
29656	
29657	
29658	
29659	
49847	
49848	
29661	
29662	
29663	
29664	
29665	
29666	
49849	
49850	
29668	
29669	
29670	
29671	
29672	
29673	
29674	
29675	
29676	
29677	
29678	
29679	
29680	
29681	
29682	
29683	
29684	
29685	
49851	
49852	
49853	
29687	
29688	
29689	
29690	
49854	
29692	
29693	
29694	
64041	
49856	
49857	
29696	
29697	
29698	
29699	
29700	
29701	
29702	
49858	
49859	
29704	
49860	
49861	
29706	
49862	
49863	
49864	
49865	
49866	
49867	
49868	
29710	
29711	
29712	
29713	
29714	
29715	
29716	
49869	
49870	
29718	
49871	
49872	
49873	
49874	
49875	
49876	
29722	
29723	
29724	
29725	
29726	
29727	
29728	
29729	
29730	
29731	
29732	
29733	
29734	
29875	
29876	
29877	
29878	
29879	
29880	
29881	
29882	
64136	
29883	
64139	
29884	
29885	
29886	
29887	
29888	
29889	
29890	
49881	
49882	
29892	
29893	
29894	
29895	
29896	
29897	
29898	
29899	
29900	
29901	
29902	
29903	
29904	
29905	
49883	
49884	
29907	
29908	
29909	
29910	
29911	
29912	
64140	
29913	
29914	
29915	
29916	
49885	
49886	
49887	
29918	
29919	
29920	
29921	
29922	
49888	
49889	
29924	
49890	
49891	
29926	
29927	
29928	
29929	
29930	
29931	
29932	
29933	
49892	
49893	
29935	
49894	
49895	
29937	
29938	
29939	
29940	
29941	
29942	
29943	
29944	
49896	
49897	
49898	
49899	
29947	
29948	
29949	
29950	
29951	
29952	
29953	
29954	
29955	
29956	
29957	
29958	
29959	
29960	
64146	
29961	
30086	
30087	
30088	
30089	
30090	
30091	
30092	
30093	
30094	
30095	
64195	
30096	
49913	
49914	
30098	
30099	
30100	
30101	
30102	
30103	
30104	
30105	
49915	
49916	
30107	
49917	
49918	
64198	
30109	
30110	
30111	
30112	
30113	
30114	
30115	
30116	
30117	
30118	
30119	
30120	
30121	
30122	
49919	
49920	
64199	
30124	
30125	
30126	
49921	
49922	
30128	
30129	
30130	
30131	
30132	
30133	
30134	
30135	
30136	
30137	
30138	
30139	
63484	
30140	
30141	
30142	
30143	
30144	
49923	
49924	
30146	
30147	
30148	
30261	
30262	
30263	
30264	
30265	
30266	
30267	
30268	
30269	
49927	
64147	
30271	
30272	
30273	
30274	
30275	
30276	
30277	
30278	
30279	
30280	
30281	
30282	
30283	
30284	
30285	
30286	
30287	
30288	
30289	
30290	
30291	
30292	
30293	
30294	
49929	
49930	
30296	
30297	
30298	
30299	
30300	
49931	
49932	
30302	
30303	
49933	
49934	
30305	
49935	
49936	
30307	
30308	
30309	
30310	
30311	
30312	
30313	
30314	
49937	
49938	
49939	
49940	
49941	
30316	
49942	
49943	
49944	
30318	
49945	
49946	
49947	
49948	
49949	
30321	
30322	
30323	
30324	
30325	
30326	
30441	
30442	
49957	
49958	
30444	
30445	
30446	
30447	
30448	
30449	
30450	
30451	
30452	
30453	
30454	
30455	
30456	
30457	
30458	
30459	
30460	
30461	
30462	
30463	
30464	
30465	
30466	
30467	
30468	
49959	
49960	
30470	
30471	
30472	
30473	
30474	
30475	
30526	
30527	
30528	
30529	
30530	
30531	
49961	
49962	
30533	
30534	
30535	
30536	
30537	
30538	
30539	
64166	
30540	
30541	
30542	
30543	
30544	
30545	
49963	
30547	
64170	
49965	
49966	
49967	
30549	
30550	
30551	
30552	
30553	
30554	
30555	
30556	
64171	
30557	
30558	
30559	
30560	
30561	
30562	
30563	
30564	
49968	
49969	
30566	
30567	
30568	
49970	
49971	
30570	
30571	
30572	
30573	
30574	
30575	
30576	
64172	
30577	
30578	
30579	
30580	
30581	
49972	
49973	
30583	
30584	
30585	
30586	
30587	
30588	
30589	
30590	
30591	
30592	
30593	
30594	
49974	
30597	
30598	
30599	
30600	
30601	
30602	
30603	
64174	
30604	
30605	
30606	
30607	
30608	
30609	
30610	
30611	
30612	
30613	
30614	
30615	
30616	
30617	
64175	
30618	
30619	
30620	
30621	
30622	
30623	
30764	
30765	
49986	
30767	
30768	
30769	
49988	
49989	
30771	
30772	
30773	
49990	
49991	
30775	
30776	
30777	
30778	
30779	
30780	
30781	
30782	
30783	
30784	
30785	
30786	
30787	
30788	
30789	
49992	
49993	
30791	
30792	
30793	
30794	
30795	
30796	
30798	
64149	
64150	
30799	
49994	
49995	
30801	
30802	
30803	
30804	
30805	
30806	
30807	
49996	
49997	
30809	
30810	
30811	
30812	
30813	
30814	
30815	
30816	
64151	
64152	
64153	
64154	
30817	
30818	
64155	
64156	
64157	
30819	
30820	
64158	
64159	
30821	
30822	
30823	
64160	
64161	
30824	
49998	
49999	
30826	
30827	
30828	
30829	
50000	
50001	
30831	
30832	
30833	
30834	
30835	
30836	
30837	
64162	
30838	
30839	
30840	
30841	
30953	
30954	
30955	
30956	
30957	
30958	
64176	
30959	
30960	
30961	
30962	
30963	
64177	
30964	
30965	
30966	
30967	
64178	
30968	
30969	
30970	
30971	
30972	
30973	
30974	
30975	
30976	
30977	
64179	
30978	
30979	
64180	
30980	
30981	
30982	
30983	
30984	
31027	
31028	
31029	
31030	
31031	
64181	
31032	
64182	
31033	
31034	
31035	
31036	
64183	
31037	
31038	
31039	
31040	
31041	
31042	
31043	
31044	
31074	
31075	
50034	
50035	
50036	
50037	
50038	
50039	
50040	
50041	
50042	
50043	
50044	
31081	
31082	
31083	
31084	
50045	
50046	
50047	
50048	
31087	
31088	
31089	
31090	
31091	
50049	
50050	
31093	
134573	
134574	
31094	
31095	
31096	
31097	
31098	
50051	
50052	
134577	
31100	
31101	
31102	
31103	
31104	
31105	
31106	
31107	
31108	
153056	
31109	
153057	
31110	
153418	
31111	
153419	
31112	
155437	
31113	
153061	
31114	
156260	
156261	
31115	
31116	
31117	
31118	
31119	
31120	
31121	
31122	
156286	
31123	
156547	
31124	
57359	
31125	
157711	
31126	
157714	
31127	
31128	
31129	
31130	
31131	
31132	
156571	
156572	
31133	
31134	
31135	
31136	
156580	
31137	
31138	
157593	
157594	
31139	
157596	
31140	
31141	
31142	
31143	
31144	
157707	
31145	
31146	
31147	
31148	
31149	
31150	
31151	
31152	
31153	
31154	
31155	
31156	
31157	
31158	
31159	
31160	
31161	
31162	
31163	
31164	
31165	
31166	
31167	
31168	
31169	
31170	
31171	
31172	
158738	
159173	
31173	
31174	
31175	
31176	
31177	
31178	
31179	
31180	
31181	
158800	
31182	
31183	
31184	
31185	
31186	
31187	
31188	
31189	
158911	
158913	
158912	
158914	
158915	
159385	
159386	
31191	
158928	
158927	
31192	
31193	
31194	
31195	
31196	
31197	
159394	
31198	
31199	
31200	
31201	
31202	
31203	
31204	
31205	
31206	
159355	
31207	
31208	
31209	
31210	
31211	
31212	
31213	
31214	
31215	
31216	
159357	
31217	
159358	
159359	
31218	
31219	
159360	
31220	
159362	
31221	
31222	
31223	
31224	
31225	
31226	
159364	
159490	
159491	
159492	
31228	
31229	
159493	
31230	
31231	
31232	
31233	
159413	
159495	
159412	
159411	
31235	
31236	
31237	
31238	
159384	
31239	
31240	
31241	
31242	
31243	
31244	
31245	
31246	
31247	
31248	
159501	
31249	
31250	
31251	
31252	
31253	
31254	
31255	
31256	
31257	
31258	
31259	
159502	
31260	
31261	
31262	
31263	
31264	
31265	
31266	
159503	
31267	
159504	
31268	
31269	
31270	
31271	
31272	
31273	
159404	
159421	
159420	
159419	
159418	
159417	
159416	
159415	
159414	
159405	
31275	
31276	
31277	
159430	
159429	
159428	
159426	
31278	
31279	
31280	
31281	
159410	
31282	
159432	
31283	
31284	
31285	
31286	
31287	
31288	
31289	
31290	
159519	
31291	
31292	
31293	
159520	
31294	
31295	
31297	
31298	
31299	
31300	
31301	
159437	
159436	
31302	
31303	
31304	
31780	
31781	
31782	
31783	
31784	
159458	
31785	
159459	
31786	
31787	
31788	
31789	
31790	
159524	
31791	
159461	
31792	
31793	
159462	
31794	
31795	
31796	
31797	
31798	
31799	
31800	
31801	
31802	
159466	
31804	
31805	
31806	
31807	
31808	
31809	
31810	
31811	
31812	
31813	
31814	
31815	
31816	
31817	
159539	
31818	
31819	
31820	
31821	
31822	
31823	
31824	
31825	
31826	
159468	
31827	
31828	
31829	
31830	
31831	
31832	
31833	
31834	
159469	
31835	
31836	
31837	
31838	
31839	
31840	
31841	
31842	
31843	
31844	
31845	
159471	
159551	
31846	
31847	
31848	
159472	
31849	
31850	
31851	
31852	
31853	
31854	
31855	
31856	
31857	
31858	
31859	
31860	
31861	
31862	
31863	
31864	
31865	
31866	
31867	
31868	
31869	
31870	
31871	
159474	
31872	
31873	
159475	
159476	
31874	
31875	
31876	
31877	
31878	
159480	
31879	
31880	
31881	
31882	
31883	
31884	
31885	
31886	
159477	
31887	
159479	
31888	
31889	
31892	
31893	
31894	
159484	
31895	
159485	
31896	
31897	
31898	
159486	
31899	
159487	
31900	
31901	
31902	
31903	
159488	
31904	
31905	
31906	
31907	
31908	
31909	
31910	
31911	
31912	
31913	
31914	
31915	
31916	
31917	
31918	
31919	
31920	
31921	
31922	
31923	
32115	
32116	
32117	
32118	
32119	
159508	
32120	
32121	
32122	
32123	
159522	
32124	
32125	
32126	
32127	
32128	
32129	
32130	
32131	
32132	
159526	
32133	
32134	
32135	
32136	
159528	
159529	
159530	
32137	
32138	
32139	
159561	
32141	
159531	
159532	
159533	
32142	
32143	
32144	
32145	
32146	
159536	
32148	
159537	
159538	
32149	
32150	
32151	
32152	
32153	
32875	
32923	
57047	
57048	
32954	
32955	
135354	
32956	
32957	
32958	
32959	
32960	
32961	
32962	
32963	
32964	
158830	
32965	
32966	
32967	
32968	
32969	
158832	
32970	
32971	
32972	
32974	
32975	
32976	
32977	
32978	
32979	
32980	
32981	
32982	
32983	
32984	
32985	
32986	
32987	
32988	
32989	
32990	
32991	
32992	
32993	
32994	
32995	
32996	
32997	
32998	
32999	
33000	
33001	
33002	
33003	
33004	
33005	
33006	
33007	
33008	
33009	
224696	
33010	
33011	
33012	
33013	
33014	
33015	
33016	
158856	
33017	
33018	
33019	
33020	
33021	
33022	
33023	
33024	
33025	
33026	
33027	
33028	
33029	
33030	
33031	
33032	
33033	
33034	
33035	
33036	
33037	
33038	
33039	
33040	
33041	
33042	
33043	
33044	
33045	
33046	
33047	
33048	
33049	
33050	
33051	
33052	
33053	
33054	
33055	
33056	
158906	
33057	
158907	
33058	
33059	
158908	
33060	
33061	
33062	
158909	
33063	
33064	
33065	
33066	
33067	
158934	
33068	
158935	
33069	
158936	
33070	
33071	
33072	
158937	
33073	
33074	
158938	
33075	
33076	
33077	
33078	
33079	
158939	
33080	
33081	
158940	
33082	
33083	
33084	
33085	
158941	
33086	
33087	
33088	
33089	
158942	
33090	
33091	
158943	
33092	
57382	
33093	
33094	
33095	
158944	
33096	
158945	
33097	
33098	
33099	
158946	
33100	
158947	
33101	
158948	
33102	
33103	
33104	
33105	
33106	
33107	
33108	
33109	
33110	
33111	
33112	
33113	
33114	
33115	
33116	
33117	
33118	
33119	
33120	
33121	
33122	
33123	
33124	
158998	
33125	
33126	
33127	
33128	
33129	
33130	
33131	
33132	
33133	
33134	
33135	
33136	
33137	
33138	
33139	
33140	
159004	
33141	
33142	
33143	
33144	
33145	
33146	
33147	
33148	
33149	
33150	
33151	
33152	
33153	
33154	
159057	
33155	
33156	
159059	
159060	
33157	
159061	
33158	
159062	
33159	
33160	
33161	
33162	
33163	
33164	
33165	
33166	
33167	
33168	
33169	
33170	
33171	
33172	
33173	
33174	
33175	
33176	
33177	
33178	
33179	
33180	
33181	
33182	
50139	
50140	
33184	
33185	
33186	
33187	
50141	
50142	
33189	
33190	
33191	
33192	
33193	
33194	
33195	
33196	
159066	
33197	
159067	
33198	
33199	
33200	
33201	
33202	
33203	
33204	
33205	
33206	
33207	
33208	
33209	
50143	
50145	
50146	
33212	
33213	
33214	
33215	
33216	
33217	
33218	
33219	
33220	
33221	
33222	
33223	
33224	
33225	
33226	
33227	
50147	
50148	
33229	
33230	
33231	
33232	
33233	
50149	
50150	
33235	
33236	
33237	
33238	
33239	
50151	
50152	
159163	
33241	
33242	
33243	
33244	
50153	
50154	
33246	
33247	
159164	
159165	
33248	
33249	
50155	
50156	
33251	
33252	
50157	
50158	
33254	
33255	
33256	
33257	
50159	
50160	
33259	
33260	
33261	
57059	
57058	
33262	
33263	
33264	
50161	
50162	
33266	
33267	
33268	
33269	
33270	
33271	
50163	
50164	
33273	
50165	
50166	
33275	
33276	
33277	
33278	
33279	
33280	
33281	
33282	
33283	
50167	
50168	
33285	
33286	
33287	
50169	
159176	
33289	
33290	
33291	
33292	
33293	
33294	
33295	
33296	
33297	
33298	
33299	
159178	
33300	
33301	
33302	
159179	
33303	
33304	
33305	
33306	
33307	
33308	
33309	
159181	
159180	
33310	
33311	
33312	
33313	
33314	
159182	
33315	
33316	
33317	
33318	
33319	
33320	
159184	
33321	
159185	
33322	
33323	
33324	
33325	
33326	
57050	
33327	
33328	
33329	
159186	
159187	
33330	
33331	
33332	
33333	
33334	
33335	
33336	
33337	
33338	
159189	
33339	
33340	
33341	
159617	
33342	
33343	
33344	
159618	
33345	
33346	
159620	
159619	
33347	
159621	
33348	
159623	
159622	
33349	
33350	
159624	
33351	
159625	
33352	
33353	
159626	
33354	
33355	
159627	
159628	
33356	
33357	
33358	
33359	
33360	
33361	
33362	
33363	
33364	
33366	
159633	
33367	
33368	
33369	
33370	
33371	
33372	
33373	
33374	
33375	
33376	
33377	
33378	
33379	
33380	
33381	
33382	
33383	
33384	
33385	
33386	
33387	
33388	
33389	
33390	
33391	
33392	
33393	
33394	
33395	
159642	
159641	
33396	
33397	
33398	
33399	
33400	
33401	
33402	
33403	
33404	
33405	
33406	
33407	
159643	
33408	
33409	
33410	
33411	
33412	
33413	
33414	
33415	
33416	
33417	
33418	
33419	
33420	
159654	
159653	
159652	
159651	
159650	
159649	
159648	
159647	
159646	
159645	
159644	
33421	
159655	
33422	
33423	
159656	
33424	
159657	
33425	
33426	
33427	
159658	
33428	
33429	
33430	
159659	
159660	
33432	
33433	
33434	
33435	
159661	
33436	
33437	
33438	
33439	
33440	
159662	
33441	
33442	
33443	
159665	
159664	
33444	
33445	
33446	
33447	
33448	
33449	
33450	
159666	
33451	
159667	
33452	
159668	
33453	
159669	
33454	
33455	
33456	
33457	
159670	
33458	
159671	
33459	
	75413
	61271
	61428
	61747
	64309
	61748
	62506
